Old UoM,New UoM 
deg celcius,PF
kpa,bar
amps,A
v,V
kwh,Kwh
pf,PF
amp,A
amp,A
amps,A
v,V
volts,V
hrs,Hr
hrs,Hr
rpm,rpm
deg celcius,C
hz,Hz
volts,V
hrs,Hr
amps,A
degree,C
deg celcius,C
pf,PF
hz,Hz
amps,A
amps,A
v,V
v,V
volts,V
volt,V
nos,No
hz,Hz
volts,V
pf,PF
amps,A
nos,No
v,V
v,V
amps,A
deg celcius,C
amps,A
volt,V
degree,C
amps,A
v,V
nos,No
v,V
degree,C
hz,Hz
volt,V
amps,A
volts,V
amps,A
deg celcius,C
pf,PF
pf,PF
hz,Hz
amps,A
amps,A
amps,A
v,V
v,V
degree,C
volts,V
volt,V
nos,No
deg celcius,C
pf,PF
amps,A
volts,V
hz,Hz
amps,A
degree,C
amps,A
nos,No
v,V
v,V
volt,V
amps,A
deg celcius,C
degree,C
nos,No
deg celcius,C
v,V
degree,C
deg celcius,C
pf,PF
amps,A
hz,Hz
amps,A
amps,A
v,V
volts,V
volt,V
pf,PF
amps,A
amps,A
v,V
v,V
volts,V
volt,V
nos,No
hz,Hz
deg celcius,C
kpa,bar
amps,A
v,V
kwh,Kwh
hz,Hz
amp,A
amp,A
amps,A
v,V
volts,V
volts,V
hrs,Hr
hrs,Hr
hrs,Hr
pf,PF
rpm,rpm
deg celcius,C
rpm,rpm
deg celcius,C
kpa,bar
deg celcius,C
amps,A
v,V
kwh,Kwh
pf,PF
hz,Hz
amp,A
amp,A
amps,A
v,V
volts,V
volts,V
hrs,Hr
hrs,Hr
hrs,Hr
nos,No
degree,C
deg celcius,C
pf,PF
hz,Hz
amps,A
amps,A
amps,A
v,V
v,V
volts,V
volt,V
degree,C
deg celcius,C
pf,PF
hz,Hz
amps,A
amps,A
amps,A
v,V
v,V
volts,V
volt,V
nos,No
volts,V
nos,No
amps,A
amps,A
hz,Hz
amps,A
v,V
v,V
volt,V
pf,PF
deg celcius,C
degree,C
amps,A
hz,Hz
amps,A
v,V
v,V
nos,No
volts,V
volt,V
degree,C
pf,PF
deg celcius,C
amps,A
volt,V
volts,V
hz,Hz
amps,A
nos,No
v,V
deg celcius,C
degree,C
pf,PF
amps,A
v,V
amps,A
v,V
amps,A
deg celcius,C
volts,V
nos,No
amps,A
v,V
volt,V
degree,C
amps,A
hz,Hz
pf,PF
volts,V
pf,PF
amps,A
volt,V
deg celcius,C
hz,Hz
amps,A
degree,C
amps,A
v,V
nos,No
v,V
volts,V
v,V
hz,Hz
pf,PF
amps,A
amps,A
degree,C
v,V
deg celcius,C
amps,A
volt,V
nos,No
hz,Hz
v,V
amps,A
volt,V
pf,PF
nos,No
deg celcius,C
amps,A
v,V
degree,C
volts,V
amps,A
volts,V
volt,V
amps,A
nos,No
deg celcius,C
amps,A
v,V
hz,Hz
pf,PF
amps,A
v,V
degree,C
amps,A
nos,No
volts,V
v,V
amps,A
amps,A
volt,V
hz,Hz
pf,PF
v,V
degree,C
deg celcius,C
amps,A
amps,A
pf,PF
amps,A
volt,V
deg celcius,C
hz,Hz
degree,C
v,V
v,V
volts,V
nos,No
degree,C
deg celcius,C
pf,PF
hz,Hz
volt,V
nos,No
amps,A
amps,A
amps,A
v,V
v,V
volts,V
degree,C
deg celcius,C
hz,Hz
amps,A
amps,A
v,V
v,V
volts,V
volt,V
amps,A
nos,No
pf,PF
pf,PF
hz,Hz
amps,A
volt,V
v,V
degree,C
v,V
volts,V
amps,A
amps,A
deg celcius,C
nos,No
degree,C
pf,PF
v,V
amps,A
amps,A
volt,V
deg celcius,C
hz,Hz
volts,V
v,V
nos,No
amps,A
amps,A
volts,V
degree,C
pf,PF
hz,Hz
deg celcius,C
v,V
nos,No
amps,A
v,V
volt,V
amps,A
degree,C
v,V
amps,A
deg celcius,C
volt,V
amps,A
hz,Hz
nos,No
pf,PF
v,V
amps,A
volts,V
volts,V
amp,A
rpm,rpm
hrs,Hr
v,V
amp,A
hrs,Hr
hrs,Hr
kpa,bar
volts,V
deg celcius,C
amp,A
v,V
kpa,bar
deg celcius,C
amp,A
volts,V
v,V
deg celcius,C
kwh,Kwh
amps,A
deg celcius,C
pf,PF
hz,Hz
amps,A
v,V
hrs,Hr
hrs,Hr
amps,A
amps,A
kwh,Kwh
pf,PF
hz,Hz
rpm,rpm
volts,V
hrs,Hr
degree,C
amps,A
volt,V
pf,PF
v,V
nos,No
amps,A
deg celcius,C
hz,Hz
amps,A
v,V
volts,V
degree,C
v,V
amps,A
amps,A
pf,PF
volts,V
hz,Hz
nos,No
deg celcius,C
volt,V
amps,A
v,V
v,V
amps,A
amps,A
amps,A
v,V
volts,V
volt,V
nos,No
degree,C
deg celcius,C
pf,PF
hz,Hz
volt,V
nos,No
degree,C
amps,A
amps,A
amps,A
v,V
v,V
volts,V
deg celcius,C
pf,PF
hz,Hz
degree,C
hz,Hz
amps,A
amps,A
volts,V
v,V
volt,V
amps,A
deg celcius,C
v,V
pf,PF
nos,No
volts,V
amps,A
hz,Hz
pf,PF
amps,A
amps,A
v,V
nos,No
v,V
degree,C
deg celcius,C
volt,V
v,V
pf,PF
rpm,rpm
volts,V
volts,V
amp,A
hrs,Hr
hrs,Hr
hrs,Hr
kwh,Kwh
kpa,bar
hz,Hz
amps,A
amps,A
v,V
amp,A
deg celcius,C
deg celcius,C
hz,Hz
amps,A
volt,V
degree,C
amps,A
amps,A
volts,V
v,V
deg celcius,C
pf,PF
v,V
nos,No
amps,A
amps,A
deg celcius,C
volt,V
pf,PF
v,V
hz,Hz
v,V
volts,V
nos,No
degree,C
amps,A
kpa,bar
hz,Hz
volts,V
v,V
kwh,Kwh
hrs,Hr
amp,A
volts,V
hrs,Hr
deg celcius,C
amps,A
amp,A
rpm,rpm
amps,A
deg celcius,C
v,V
deg celcius,C
pf,PF
hrs,Hr
hz,Hz
volt,V
pf,PF
degree,C
nos,No
v,V
v,V
volts,V
deg celcius,C
amps,A
amps,A
amps,A
hz,Hz
volts,V
nos,No
amps,A
pf,PF
amps,A
degree,C
volt,V
amps,A
v,V
v,V
degree,C
deg celcius,C
pf,PF
hz,Hz
amps,A
amps,A
amps,A
v,V
v,V
volts,V
volt,V
nos,No
deg celcius,C
pf,PF
amps,A
amps,A
amps,A
v,V
volts,V
volt,V
nos,No
degree,C
hz,Hz
v,V
hz,Hz
nos,No
volts,V
amps,A
v,V
deg celcius,C
v,V
degree,C
pf,PF
amps,A
amps,A
volt,V
pf,PF
volt,V
amps,A
degree,C
v,V
volts,V
deg celcius,C
hz,Hz
nos,No
v,V
amps,A
amps,A
v,V
amps,A
volt,V
pf,PF
amps,A
deg celcius,C
hz,Hz
v,V
volts,V
nos,No
degree,C
amps,A
degree,C
deg celcius,C
pf,PF
hz,Hz
amps,A
amps,A
amps,A
v,V
v,V
volts,V
hz,Hz
volt,V
nos,No
degree,C
deg celcius,C
pf,PF
amps,A
amps,A
amps,A
v,V
v,V
volts,V
volt,V
nos,No
amps,A
pf,PF
amps,A
v,V
volts,V
volt,V
hz,Hz
degree,C
deg celcius,C
nos,No
amps,A
v,V
degree,C
deg celcius,C
pf,PF
hz,Hz
amps,A
amps,A
amps,A
v,V
v,V
volts,V
volt,V
nos,No
v,V
volts,V
volt,V
nos,No
amps,A
v,V
degree,C
deg celcius,C
pf,PF
hz,Hz
amps,A
amps,A
v,V
hz,Hz
amps,A
volt,V
amps,A
v,V
volts,V
nos,No
degree,C
deg celcius,C
amps,A
pf,PF
volt,V
volts,V
nos,No
deg celcius,C
hz,Hz
amps,A
amps,A
amps,A
v,V
v,V
degree,C
pf,PF
pf,PF
hz,Hz
amps,A
v,V
degree,C
volts,V
nos,No
deg celcius,C
amps,A
volt,V
v,V
amps,A
v,V
degree,C
volts,V
amps,A
deg celcius,C
volt,V
amps,A
amps,A
pf,PF
nos,No
v,V
hz,Hz
deg celcius,C
pf,PF
amps,A
amps,A
amps,A
v,V
volts,V
volt,V
nos,No
hz,Hz
v,V
degree,C
degree,C
v,V
hz,Hz
deg celcius,C
pf,PF
amps,A
amps,A
amps,A
v,V
volts,V
volt,V
nos,No
degree,C
deg celcius,C
pf,PF
hz,Hz
amps,A
amps,A
amps,A
v,V
v,V
volts,V
volt,V
nos,No
degree,C
deg celcius,C
pf,PF
hz,Hz
amps,A
amps,A
amps,A
v,V
v,V
volts,V
volt,V
nos,No
v,V
volts,V
amps,A
v,V
degree,C
nos,No
pf,PF
amps,A
hz,Hz
volt,V
amps,A
deg celcius,C
degree,C
amps,A
volt,V
volts,V
hz,Hz
pf,PF
v,V
v,V
amps,A
nos,No
deg celcius,C
amps,A
nos,No
degree,C
amps,A
pf,PF
v,V
volt,V
hz,Hz
deg celcius,C
volts,V
amps,A
v,V
volts,V
v,V
amps,A
amps,A
degree,C
volt,V
amps,A
hz,Hz
pf,PF
v,V
nos,No
deg celcius,C
amps,A
amps,A
amps,A
amps,A
v,V
v,V
volts,V
volt,V
nos,No
degree,C
deg celcius,C
pf,PF
hz,Hz
deg celcius,C
volt,V
hz,Hz
degree,C
v,V
v,V
volts,V
amps,A
pf,PF
amps,A
amps,A
nos,No
amps,A
deg celcius,C
degree,C
volt,V
volts,V
v,V
v,V
amps,A
hz,Hz
nos,No
pf,PF
amps,A
volts,V
amps,A
v,V
v,V
amps,A
nos,No
hz,Hz
volt,V
deg celcius,C
pf,PF
degree,C
amps,A
v,V
amps,A
degree,C
amps,A
amps,A
deg celcius,C
volt,V
volts,V
hz,Hz
v,V
nos,No
pf,PF
degree,C
deg celcius,C
pf,PF
hz,Hz
amps,A
v,V
amps,A
volt,V
v,V
volts,V
nos,No
amps,A
deg celcius,C
hz,Hz
degree,C
pf,PF
amps,A
v,V
amps,A
v,V
volt,V
volts,V
amps,A
nos,No
v,V
nos,No
v,V
amps,A
degree,C
amps,A
hz,Hz
pf,PF
deg celcius,C
amps,A
volts,V
volt,V
nos,No
amps,A
amps,A
v,V
hz,Hz
v,V
volts,V
volt,V
degree,C
deg celcius,C
pf,PF
amps,A
volt,V
amps,A
v,V
nos,No
volts,V
deg celcius,C
pf,PF
amps,A
degree,C
v,V
amps,A
hz,Hz
pf,PF
v,V
amps,A
volt,V
nos,No
amps,A
volts,V
deg celcius,C
hz,Hz
degree,C
amps,A
v,V
deg celcius,C
v,V
nos,No
volt,V
v,V
volts,V
amps,A
amps,A
hz,Hz
degree,C
amps,A
pf,PF
volts,V
nos,No
amps,A
pf,PF
amps,A
v,V
deg celcius,C
hz,Hz
amps,A
degree,C
volt,V
v,V
v,V
rpm,rpm
amp,A
pf,PF
hrs,Hr
hrs,Hr
amp,A
deg celcius,C
hz,Hz
v,V
amps,A
kwh,Kwh
amps,A
volts,V
volts,V
deg celcius,C
kpa,bar
hrs,Hr
hz,Hz
v,V
volt,V
deg celcius,C
pf,PF
volts,V
v,V
degree,C
nos,No
amps,A
amps,A
amps,A
deg celcius,C
pf,PF
amps,A
amps,A
amps,A
v,V
volts,V
volt,V
nos,No
degree,C
v,V
hz,Hz
deg celcius,C
volts,V
nos,No
amps,A
amps,A
volt,V
hz,Hz
v,V
v,V
degree,C
pf,PF
amps,A
nos,No
hz,Hz
volts,V
volt,V
amps,A
deg celcius,C
degree,C
amps,A
amps,A
pf,PF
v,V
v,V
pf,PF
hz,Hz
amps,A
amps,A
v,V
v,V
volts,V
nos,No
degree,C
volt,V
amps,A
deg celcius,C
v,V
volt,V
hz,Hz
degree,C
nos,No
amps,A
amps,A
amps,A
volts,V
v,V
deg celcius,C
pf,PF
deg celcius,C
pf,PF
hz,Hz
amps,A
amps,A
amps,A
v,V
v,V
volts,V
volt,V
nos,No
degree,C
degree,C
deg celcius,C
pf,PF
hz,Hz
v,V
volts,V
volt,V
nos,No
amps,A
amps,A
amps,A
v,V
deg celcius,C
hz,Hz
nos,No
pf,PF
volts,V
volt,V
amps,A
v,V
degree,C
amps,A
amps,A
v,V
amps,A
deg celcius,C
v,V
hz,Hz
amps,A
amps,A
v,V
volts,V
volt,V
nos,No
degree,C
pf,PF
degree,C
hz,Hz
amps,A
volts,V
v,V
deg celcius,C
nos,No
amps,A
amps,A
v,V
pf,PF
volt,V
pf,PF
nos,No
amps,A
degree,C
volts,V
deg celcius,C
amps,A
hz,Hz
v,V
volt,V
v,V
amps,A
amps,A
nos,No
degree,C
volt,V
hz,Hz
deg celcius,C
v,V
amps,A
amps,A
volts,V
v,V
pf,PF
amps,A
volts,V
volt,V
amps,A
nos,No
hz,Hz
v,V
degree,C
amps,A
v,V
pf,PF
deg celcius,C
amps,A
degree,C
nos,No
pf,PF
v,V
volt,V
volts,V
amps,A
v,V
amps,A
deg celcius,C
hz,Hz
v,V
deg celcius,C
degree,C
v,V
amps,A
volts,V
hz,Hz
amps,A
amps,A
pf,PF
volt,V
nos,No
degree,C
deg celcius,C
pf,PF
hz,Hz
amps,A
amps,A
amps,A
v,V
v,V
volts,V
volt,V
nos,No
v,V
volts,V
volt,V
nos,No
degree,C
deg celcius,C
pf,PF
hz,Hz
amps,A
amps,A
amps,A
v,V
deg celcius,C
deg celcius,C
pf,PF
amp,A
amp,A
amps,A
v,V
volts,V
volts,V
hrs,Hr
hrs,Hr
hrs,Hr
v,V
kwh,Kwh
hz,Hz
amps,A
kpa,bar
rpm,rpm
amps,A
pf,PF
kwh,Kwh
hz,Hz
amp,A
kpa,bar
amps,A
amp,A
v,V
v,V
hrs,Hr
deg celcius,C
hrs,Hr
volts,V
hrs,Hr
deg celcius,C
volts,V
rpm,rpm
nos,No
degree,C
v,V
amps,A
deg celcius,C
volts,V
v,V
amps,A
amps,A
hz,Hz
pf,PF
volt,V
v,V
deg celcius,C
pf,PF
hz,Hz
amps,A
amps,A
volts,V
nos,No
amps,A
volt,V
degree,C
v,V
v,V
volts,V
hz,Hz
deg celcius,C
nos,No
amps,A
degree,C
v,V
volt,V
amps,A
pf,PF
amps,A
nos,No
v,V
amps,A
hz,Hz
degree,C
deg celcius,C
volt,V
volts,V
amps,A
v,V
amps,A
pf,PF
volt,V
amps,A
pf,PF
amps,A
deg celcius,C
hz,Hz
degree,C
volts,V
amps,A
v,V
nos,No
v,V
degree,C
nos,No
amps,A
hz,Hz
v,V
deg celcius,C
v,V
amps,A
amps,A
volts,V
volt,V
pf,PF
degree,C
deg celcius,C
pf,PF
hz,Hz
amps,A
amps,A
amps,A
v,V
v,V
volts,V
volt,V
nos,No
deg celcius,C
pf,PF
amps,A
amps,A
amps,A
v,V
volts,V
volt,V
nos,No
v,V
degree,C
hz,Hz
amps,A
pf,PF
amps,A
volts,V
v,V
volt,V
amps,A
v,V
hz,Hz
nos,No
degree,C
deg celcius,C
v,V
volt,V
deg celcius,C
degree,C
pf,PF
hz,Hz
amps,A
amps,A
amps,A
v,V
volts,V
nos,No
v,V
degree,C
deg celcius,C
pf,PF
hz,Hz
amps,A
amps,A
amps,A
v,V
volts,V
volt,V
nos,No
deg celcius,C
pf,PF
amps,A
amps,A
amps,A
v,V
v,V
volts,V
volt,V
nos,No
degree,C
hz,Hz
volts,V
amps,A
degree,C
amps,A
v,V
v,V
volt,V
nos,No
amps,A
deg celcius,C
pf,PF
hz,Hz
degree,C
deg celcius,C
pf,PF
hz,Hz
amps,A
amps,A
amps,A
amps,A
v,V
v,V
volts,V
volt,V
nos,No
amps,A
hz,Hz
v,V
nos,No
pf,PF
volt,V
deg celcius,C
volts,V
amps,A
degree,C
v,V
degree,C
nos,No
amps,A
deg celcius,C
pf,PF
amps,A
v,V
hz,Hz
amps,A
v,V
volts,V
volt,V
deg celcius,C
pf,PF
amps,A
amps,A
amps,A
v,V
volts,V
volt,V
nos,No
degree,C
hz,Hz
v,V
deg celcius,C
pf,PF
hz,Hz
amps,A
amps,A
v,V
v,V
volt,V
nos,No
degree,C
amps,A
volts,V
deg celcius,C
amps,A
v,V
nos,No
volts,V
v,V
hz,Hz
pf,PF
amps,A
degree,C
amps,A
volt,V
volt,V
pf,PF
volts,V
v,V
amps,A
degree,C
deg celcius,C
nos,No
v,V
amps,A
hz,Hz
amps,A
volts,V
volt,V
nos,No
v,V
degree,C
deg celcius,C
pf,PF
hz,Hz
amps,A
amps,A
amps,A
v,V
volt,V
nos,No
degree,C
deg celcius,C
pf,PF
hz,Hz
amps,A
amps,A
amps,A
v,V
v,V
volts,V
amps,A
deg celcius,C
amps,A
degree,C
nos,No
v,V
volts,V
v,V
hz,Hz
volt,V
pf,PF
amps,A
v,V
nos,No
v,V
amps,A
deg celcius,C
hz,Hz
volt,V
amps,A
amps,A
volts,V
degree,C
pf,PF
pf,PF
degree,C
v,V
amps,A
v,V
volt,V
amps,A
deg celcius,C
nos,No
volts,V
hz,Hz
amps,A
degree,C
nos,No
amps,A
amps,A
amps,A
v,V
v,V
pf,PF
volts,V
v,V
degree,C
nos,No
v,V
deg celcius,C
hz,Hz
volt,V
amps,A
degree,C
v,V
pf,PF
hz,Hz
nos,No
volt,V
nos,No
volts,V
v,V
volts,V
v,V
degree,C
amps,A
pf,PF
deg celcius,C
deg celcius,C
amps,A
amps,A
volt,V
v,V
volt,V
volt,V
deg celcius,C
amps,A
hz,Hz
amps,A
pf,PF
amps,A
v,V
volts,V
degree,C
amps,A
hz,Hz
amps,A
deg celcius,C
v,V
hz,Hz
amps,A
amps,A
v,V
degree,C
pf,PF
v,V
volts,V
amps,A
nos,No
amps,A
deg celcius,C
nos,No
amps,A
amps,A
volt,V
hz,Hz
volts,V
pf,PF
nos,No
volts,V
v,V
amps,A
volt,V
pf,PF
hz,Hz
deg celcius,C
amps,A
v,V
amps,A
degree,C
volts,V
hz,Hz
deg celcius,C
amps,A
v,V
amps,A
amps,A
v,V
pf,PF
nos,No
volt,V
degree,C
v,V
pf,PF
degree,C
amps,A
amps,A
hz,Hz
amps,A
v,V
nos,No
deg celcius,C
volt,V
volts,V
deg celcius,C
hz,Hz
v,V
hrs,Hr
amps,A
kwh,Kwh
volts,V
amps,A
kpa,bar
hrs,Hr
rpm,rpm
volts,V
v,V
amp,A
hrs,Hr
deg celcius,C
amp,A
pf,PF
kpa,bar
amps,A
amp,A
volts,V
deg celcius,C
hrs,Hr
amps,A
hz,Hz
kwh,Kwh
amp,A
v,V
hrs,Hr
pf,PF
deg celcius,C
v,V
rpm,rpm
volts,V
hrs,Hr
amp,A
rpm,rpm
amp,A
volts,V
kwh,Kwh
deg celcius,C
hz,Hz
amps,A
hrs,Hr
volts,V
v,V
amps,A
hrs,Hr
kpa,bar
pf,PF
v,V
deg celcius,C
hrs,Hr
amps,A
pf,PF
hz,Hz
volts,V
v,V
amps,A
amps,A
nos,No
v,V
volt,V
degree,C
deg celcius,C
degree,C
deg celcius,C
hz,Hz
amps,A
amps,A
v,V
v,V
volts,V
volt,V
nos,No
pf,PF
amps,A
degree,C
nos,No
pf,PF
amps,A
volts,V
hz,Hz
amps,A
amps,A
v,V
v,V
deg celcius,C
volt,V
pf,PF
amps,A
deg celcius,C
volts,V
v,V
degree,C
amps,A
hz,Hz
amps,A
v,V
volt,V
nos,No
deg celcius,C
pf,PF
amps,A
amps,A
amps,A
v,V
volts,V
volt,V
nos,No
degree,C
v,V
hz,Hz
deg celcius,C
pf,PF
hz,Hz
amps,A
amps,A
v,V
v,V
volt,V
nos,No
degree,C
amps,A
volts,V
degree,C
deg celcius,C
pf,PF
hz,Hz
amps,A
amps,A
amps,A
v,V
v,V
volts,V
volt,V
nos,No
degree,C
deg celcius,C
pf,PF
hz,Hz
amps,A
amps,A
amps,A
v,V
v,V
volts,V
volt,V
nos,No
deg celcius,C
pf,PF
amps,A
amps,A
amps,A
v,V
volts,V
volt,V
nos,No
hz,Hz
v,V
degree,C
volts,V
v,V
degree,C
deg celcius,C
pf,PF
hz,Hz
amps,A
amps,A
amps,A
v,V
volt,V
nos,No
hz,Hz
degree,C
deg celcius,C
pf,PF
amps,A
amps,A
v,V
volts,V
volt,V
nos,No
amps,A
v,V
volt,V
v,V
amps,A
pf,PF
amps,A
v,V
deg celcius,C
amps,A
hz,Hz
volts,V
degree,C
nos,No
deg celcius,C
hz,Hz
amps,A
amps,A
amps,A
v,V
volts,V
volt,V
nos,No
v,V
degree,C
pf,PF
volts,V
volt,V
v,V
deg celcius,C
pf,PF
hz,Hz
amps,A
amps,A
degree,C
v,V
amps,A
nos,No
volt,V
deg celcius,C
pf,PF
hz,Hz
amps,A
amps,A
v,V
v,V
volts,V
nos,No
amps,A
degree,C
v,V
pf,PF
volt,V
amps,A
amps,A
deg celcius,C
amps,A
degree,C
hz,Hz
v,V
volts,V
nos,No
deg celcius,C
pf,PF
amps,A
amps,A
amps,A
v,V
volts,V
volt,V
nos,No
degree,C
v,V
hz,Hz
degree,C
pf,PF
hz,Hz
deg celcius,C
amps,A
volt,V
hz,Hz
nos,No
amps,A
deg celcius,C
amps,A
nos,No
amps,A
v,V
v,V
volts,V
v,V
nos,No
amps,A
amps,A
volt,V
v,V
volts,V
volts,V
deg celcius,C
nos,No
degree,C
amps,A
hz,Hz
amps,A
amps,A
volts,V
pf,PF
v,V
volt,V
deg celcius,C
volts,V
amps,A
v,V
amps,A
deg celcius,C
amps,A
pf,PF
v,V
nos,No
v,V
nos,No
v,V
deg celcius,C
amps,A
amps,A
nos,No
amps,A
pf,PF
hz,Hz
v,V
degree,C
pf,PF
hz,Hz
amps,A
v,V
deg celcius,C
nos,No
volts,V
pf,PF
v,V
volts,V
amps,A
degree,C
pf,PF
v,V
amps,A
volt,V
v,V
amps,A
degree,C
degree,C
deg celcius,C
amps,A
volt,V
volt,V
v,V
volts,V
v,V
amps,A
hz,Hz
degree,C
amps,A
hz,Hz
amps,A
degree,C
pf,PF
v,V
amps,A
hz,Hz
v,V
nos,No
volt,V
degree,C
deg celcius,C
hz,Hz
v,V
pf,PF
volts,V
v,V
degree,C
amps,A
volt,V
amps,A
pf,PF
volts,V
amps,A
nos,No
amps,A
pf,PF
volt,V
amps,A
deg celcius,C
v,V
volts,V
degree,C
amps,A
v,V
amps,A
v,V
hz,Hz
volt,V
volt,V
amps,A
amps,A
deg celcius,C
hz,Hz
nos,No
amps,A
deg celcius,C
pf,PF
amps,A
volts,V
volt,V
amps,A
v,V
nos,No
degree,C
hz,Hz
v,V
volt,V
amps,A
pf,PF
degree,C
volts,V
nos,No
hz,Hz
v,V
amps,A
amps,A
deg celcius,C
deg celcius,C
v,V
v,V
amps,A
nos,No
amps,A
volt,V
amps,A
hz,Hz
volts,V
degree,C
pf,PF
hz,Hz
degree,C
amps,A
deg celcius,C
amps,A
nos,No
v,V
volts,V
amps,A
v,V
pf,PF
volt,V
v,V
deg celcius,C
hrs,Hr
kpa,bar
amps,A
kwh,Kwh
hz,Hz
volts,V
deg celcius,C
amps,A
pf,PF
amp,A
v,V
hrs,Hr
volts,V
hrs,Hr
amp,A
rpm,rpm
deg celcius,C
kpa,bar
amps,A
v,V
kwh,Kwh
hz,Hz
hrs,Hr
hz,Hz
volts,V
hrs,Hr
volt,V
amp,A
amp,A
amps,A
amps,A
amps,A
pf,PF
v,V
volts,V
hrs,Hr
hrs,Hr
volts,V
hrs,Hr
rpm,rpm
pf,PF
deg celcius,C
rpm,rpm
deg celcius,C
volts,V
kpa,bar
amps,A
deg celcius,C
hz,Hz
nos,No
deg celcius,C
deg celcius,C
hz,Hz
volts,V
hrs,Hr
hrs,Hr
deg celcius,C
kwh,Kwh
pf,PF
amp,A
amp,A
v,V
v,V
pf,PF
hrs,Hr
deg celcius,C
v,V
degree,C
amps,A
v,V
degree,C
v,V
hrs,Hr
kwh,Kwh
deg celcius,C
amp,A
kpa,bar
amps,A
rpm,rpm
amp,A
amps,A
degree,C
v,V
amps,A
pf,PF
v,V
v,V
volts,V
volts,V
v,V
v,V
volt,V
hz,Hz
volt,V
nos,No
amps,A
pf,PF
amps,A
amps,A
volts,V
v,V
hz,Hz
amps,A
degree,C
amps,A
volts,V
volts,V
hz,Hz
amps,A
v,V
nos,No
amps,A
amps,A
volt,V
nos,No
pf,PF
deg celcius,C
amps,A
volts,V
amps,A
volt,V
amps,A
v,V
degree,C
pf,PF
nos,No
amps,A
hz,Hz
v,V
deg celcius,C
pf,PF
v,V
nos,No
amps,A
amps,A
volts,V
degree,C
deg celcius,C
hz,Hz
amps,A
volt,V
v,V
hz,Hz
nos,No
amps,A
v,V
amps,A
pf,PF
volts,V
amps,A
v,V
volt,V
degree,C
deg celcius,C
v,V
v,V
amps,A
hz,Hz
deg celcius,C
amps,A
degree,C
pf,PF
amps,A
volts,V
volt,V
nos,No
v,V
deg celcius,C
amps,A
degree,C
nos,No
volts,V
pf,PF
hz,Hz
amps,A
amps,A
v,V
volt,V
volts,V
pf,PF
amps,A
volt,V
degree,C
hz,Hz
v,V
degree,C
v,V
deg celcius,C
amps,A
amps,A
nos,No
amps,A
amps,A
hz,Hz
pf,PF
v,V
amps,A
amps,A
degree,C
volt,V
v,V
nos,No
deg celcius,C
volts,V
amps,A
hz,Hz
amps,A
volt,V
deg celcius,C
volts,V
amps,A
nos,No
pf,PF
degree,C
v,V
volts,V
nos,No
degree,C
amps,A
amps,A
hz,Hz
amps,A
v,V
volts,V
hz,Hz
v,V
volt,V
amps,A
deg celcius,C
v,V
volt,V
degree,C
deg celcius,C
degree,C
pf,PF
amps,A
deg celcius,C
amps,A
pf,PF
nos,No
deg celcius,C
v,V
volt,V
amps,A
pf,PF
amps,A
hz,Hz
v,V
deg celcius,C
amps,A
v,V
degree,C
amps,A
deg celcius,C
hz,Hz
amps,A
amps,A
volts,V
v,V
amps,A
nos,No
pf,PF
v,V
amps,A
hz,Hz
nos,No
amps,A
volt,V
degree,C
volt,V
v,V
v,V
amps,A
volts,V
volt,V
nos,No
pf,PF
v,V
volts,V
nos,No
hz,Hz
volts,V
v,V
pf,PF
v,V
amps,A
amps,A
amps,A
degree,C
pf,PF
volts,V
hz,Hz
amps,A
nos,No
deg celcius,C
v,V
volt,V
v,V
deg celcius,C
v,V
pf,PF
nos,No
amps,A
volt,V
v,V
hz,Hz
amps,A
amps,A
degree,C
volts,V
amps,A
amps,A
hz,Hz
degree,C
volts,V
v,V
volt,V
v,V
nos,No
pf,PF
amps,A
deg celcius,C
degree,C
v,V
volt,V
deg celcius,C
nos,No
hz,Hz
amps,A
amps,A
pf,PF
v,V
amps,A
volts,V
volts,V
nos,No
degree,C
v,V
amps,A
deg celcius,C
pf,PF
volt,V
amps,A
hz,Hz
v,V
amps,A
amps,A
volt,V
pf,PF
amps,A
degree,C
amps,A
hz,Hz
deg celcius,C
amps,A
hrs,Hr
volts,V
degree,C
v,V
v,V
amp,A
nos,No
amps,A
nos,No
amps,A
hz,Hz
volts,V
amps,A
v,V
volt,V
nos,No
deg celcius,C
hz,Hz
kpa,bar
amps,A
v,V
amps,A
amps,A
pf,PF
hz,Hz
pf,PF
v,V
volt,V
deg celcius,C
hz,Hz
degree,C
volts,V
hrs,Hr
hrs,Hr
volts,V
amps,A
pf,PF
amps,A
v,V
amp,A
hrs,Hr
v,V
hz,Hz
v,V
hrs,Hr
hz,Hz
hrs,Hr
volt,V
amps,A
v,V
pf,PF
v,V
degree,C
nos,No
deg celcius,C
deg celcius,C
rpm,rpm
amp,A
amps,A
deg celcius,C
kpa,bar
pf,PF
amps,A
amps,A
volts,V
nos,No
v,V
v,V
v,V
volt,V
amps,A
degree,C
volts,V
amps,A
nos,No
pf,PF
deg celcius,C
hz,Hz
amps,A
amps,A
volts,V
v,V
pf,PF
volts,V
degree,C
volt,V
amps,A
amps,A
v,V
deg celcius,C
volts,V
kwh,Kwh
deg celcius,C
kpa,bar
kwh,Kwh
deg celcius,C
amp,A
volts,V
rpm,rpm
hrs,Hr
v,V
amp,A
hz,Hz
volts,V
deg celcius,C
amps,A
kwh,Kwh
deg celcius,C
amps,A
hrs,Hr
v,V
volts,V
pf,PF
hrs,Hr
amp,A
rpm,rpm
v,V
nos,No
amps,A
volt,V
deg celcius,C
hz,Hz
amps,A
degree,C
amps,A
pf,PF
volts,V
v,V
v,V
amps,A
degree,C
v,V
nos,No
volt,V
v,V
pf,PF
deg celcius,C
volts,V
amps,A
amps,A
hz,Hz
v,V
volts,V
nos,No
degree,C
pf,PF
hz,Hz
volt,V
deg celcius,C
amps,A
amps,A
v,V
amps,A
amps,A
v,V
amps,A
nos,No
v,V
volts,V
degree,C
volt,V
hz,Hz
pf,PF
deg celcius,C
amps,A
volt,V
amps,A
hz,Hz
deg celcius,C
v,V
amps,A
pf,PF
nos,No
amps,A
v,V
v,V
degree,C
deg celcius,C
amps,A
hz,Hz
amps,A
volts,V
volts,V
degree,C
deg celcius,C
hz,Hz
volt,V
deg celcius,C
hz,Hz
nos,No
v,V
nos,No
v,V
volt,V
volt,V
pf,PF
v,V
v,V
amps,A
amps,A
amps,A
nos,No
amps,A
volts,V
amps,A
hz,Hz
hz,Hz
pf,PF
amps,A
amps,A
amps,A
volts,V
degree,C
nos,No
v,V
nos,No
deg celcius,C
v,V
degree,C
amps,A
amps,A
pf,PF
volt,V
amps,A
nos,No
volt,V
v,V
amps,A
volt,V
degree,C
nos,No
v,V
degree,C
pf,PF
amps,A
amps,A
volts,V
deg celcius,C
hz,Hz
amps,A
amps,A
pf,PF
amps,A
amps,A
v,V
deg celcius,C
amps,A
hz,Hz
v,V
volt,V
degree,C
nos,No
deg celcius,C
v,V
amps,A
deg celcius,C
amps,A
pf,PF
volts,V
v,V
pf,PF
amps,A
volt,V
volts,V
v,V
degree,C
hz,Hz
amps,A
volts,V
volts,V
v,V
pf,PF
volts,V
hz,Hz
v,V
nos,No
volt,V
pf,PF
v,V
degree,C
amps,A
deg celcius,C
degree,C
v,V
amps,A
degree,C
volts,V
deg celcius,C
amps,A
nos,No
v,V
amps,A
v,V
volt,V
pf,PF
amps,A
hz,Hz
v,V
deg celcius,C
amps,A
amps,A
hz,Hz
amps,A
v,V
volts,V
degree,C
volt,V
pf,PF
nos,No
amps,A
v,V
degree,C
v,V
volts,V
pf,PF
nos,No
deg celcius,C
amps,A
volt,V
hz,Hz
amps,A
amps,A
volts,V
volt,V
nos,No
pf,PF
amps,A
v,V
amps,A
v,V
degree,C
deg celcius,C
hz,Hz
degree,C
pf,PF
volt,V
v,V
hz,Hz
volts,V
v,V
amps,A
amps,A
amps,A
deg celcius,C
nos,No
degree,C
v,V
nos,No
deg celcius,C
volts,V
volt,V
amps,A
amps,A
pf,PF
hz,Hz
amps,A
v,V
hz,Hz
deg celcius,C
hz,Hz
degree,C
degree,C
nos,No
degree,C
amps,A
deg celcius,C
v,V
amps,A
volt,V
amps,A
volt,V
v,V
deg celcius,C
pf,PF
volts,V
amps,A
v,V
v,V
volts,V
nos,No
amps,A
v,V
deg celcius,C
pf,PF
volt,V
volts,V
v,V
nos,No
degree,C
amps,A
v,V
deg celcius,C
nos,No
hz,Hz
amps,A
nos,No
pf,PF
v,V
v,V
amps,A
volts,V
deg celcius,C
pf,PF
volt,V
volt,V
amps,A
v,V
degree,C
deg celcius,C
amps,A
amps,A
volts,V
nos,No
pf,PF
volts,V
hz,Hz
hz,Hz
pf,PF
degree,C
amps,A
hz,Hz
amps,A
v,V
volts,V
deg celcius,C
volt,V
amps,A
amps,A
amps,A
nos,No
degree,C
amps,A
v,V
amps,A
amps,A
amps,A
v,V
volt,V
amps,A
v,V
degree,C
pf,PF
hz,Hz
amps,A
v,V
nos,No
volts,V
hz,Hz
amps,A
volts,V
nos,No
amps,A
degree,C
pf,PF
amps,A
deg celcius,C
v,V
volt,V
volts,V
amps,A
amps,A
volt,V
pf,PF
deg celcius,C
v,V
hz,Hz
v,V
nos,No
amps,A
volt,V
pf,PF
hz,Hz
v,V
degree,C
amps,A
amps,A
v,V
degree,C
hz,Hz
v,V
amps,A
volt,V
nos,No
deg celcius,C
volts,V
pf,PF
v,V
amps,A
amps,A
amps,A
pf,PF
volt,V
deg celcius,C
hz,Hz
degree,C
amps,A
volts,V
v,V
amps,A
nos,No
v,V
volt,V
volts,V
amps,A
v,V
pf,PF
nos,No
degree,C
amps,A
deg celcius,C
hz,Hz
amps,A
v,V
volt,V
v,V
amps,A
deg celcius,C
pf,PF
v,V
amps,A
volts,V
nos,No
hz,Hz
degree,C
amps,A
deg celcius,C
amps,A
v,V
kwh,Kwh
amp,A
amp,A
pf,PF
hrs,Hr
amps,A
volts,V
hz,Hz
kpa,bar
hrs,Hr
volts,V
hrs,Hr
amp,A
amps,A
volt,V
volts,V
amps,A
deg celcius,C
degree,C
hz,Hz
v,V
hrs,Hr
volts,V
v,V
rpm,rpm
deg celcius,C
hrs,Hr
amps,A
pf,PF
hrs,Hr
deg celcius,C
amps,A
volts,V
kpa,bar
volt,V
volt,V
amps,A
kwh,Kwh
hrs,Hr
v,V
kpa,bar
amps,A
deg celcius,C
amp,A
hz,Hz
rpm,rpm
hz,Hz
amps,A
amp,A
hrs,Hr
v,V
volts,V
deg celcius,C
amps,A
kwh,Kwh
hrs,Hr
rpm,rpm
amp,A
nos,No
volt,V
v,V
v,V
amps,A
volts,V
amps,A
deg celcius,C
pf,PF
hz,Hz
volts,V
v,V
amps,A
v,V
nos,No
degree,C
pf,PF
v,V
volts,V
deg celcius,C
v,V
nos,No
amps,A
degree,C
pf,PF
hz,Hz
v,V
amps,A
v,V
hz,Hz
degree,C
pf,PF
amps,A
deg celcius,C
nos,No
deg celcius,C
v,V
amps,A
pf,PF
amps,A
volts,V
amps,A
degree,C
deg celcius,C
pf,PF
hz,Hz
amps,A
amps,A
v,V
v,V
volts,V
volt,V
nos,No
volts,V
volt,V
nos,No
degree,C
deg celcius,C
pf,PF
hz,Hz
amps,A
amps,A
amps,A
v,V
v,V
nos,No
v,V
volt,V
deg celcius,C
hz,Hz
amps,A
degree,C
v,V
amps,A
volts,V
pf,PF
amps,A
amps,A
volt,V
degree,C
volts,V
amps,A
hz,Hz
pf,PF
v,V
nos,No
v,V
deg celcius,C
amps,A
degree,C
amps,A
pf,PF
nos,No
hz,Hz
amps,A
volts,V
v,V
amps,A
deg celcius,C
v,V
volt,V
amps,A
degree,C
volt,V
amps,A
amps,A
v,V
volts,V
pf,PF
v,V
deg celcius,C
nos,No
v,V
hz,Hz
v,V
amps,A
amps,A
v,V
degree,C
pf,PF
nos,No
hz,Hz
degree,C
deg celcius,C
amps,A
volt,V
volts,V
amps,A
deg celcius,C
hz,Hz
v,V
pf,PF
amps,A
amps,A
volts,V
volt,V
nos,No
nos,No
amps,A
amps,A
volts,V
degree,C
deg celcius,C
pf,PF
hz,Hz
amps,A
v,V
v,V
volt,V
amps,A
amps,A
degree,C
nos,No
v,V
deg celcius,C
v,V
amps,A
pf,PF
volts,V
hz,Hz
volt,V
hz,Hz
nos,No
deg celcius,C
amps,A
amps,A
v,V
volts,V
v,V
degree,C
pf,PF
amps,A
volt,V
v,V
v,V
volts,V
deg celcius,C
hz,Hz
pf,PF
amps,A
degree,C
volt,V
amps,A
amps,A
nos,No
amps,A
volt,V
pf,PF
amps,A
amps,A
hz,Hz
volts,V
deg celcius,C
degree,C
v,V
v,V
nos,No
v,V
volt,V
pf,PF
volts,V
amps,A
nos,No
hz,Hz
amps,A
v,V
degree,C
amps,A
deg celcius,C
nos,No
degree,C
amps,A
hz,Hz
hz,Hz
deg celcius,C
volt,V
amps,A
amps,A
hz,Hz
pf,PF
amps,A
volts,V
v,V
deg celcius,C
amps,A
v,V
nos,No
volt,V
volt,V
amps,A
volt,V
deg celcius,C
pf,PF
hz,Hz
volt,V
degree,C
volts,V
nos,No
amps,A
v,V
volt,V
nos,No
degree,C
v,V
amps,A
deg celcius,C
pf,PF
v,V
volts,V
v,V
amps,A
v,V
hz,Hz
pf,PF
degree,C
amps,A
v,V
degree,C
volts,V
amps,A
v,V
amps,A
amps,A
v,V
volts,V
deg celcius,C
v,V
pf,PF
v,V
amps,A
amps,A
nos,No
hz,Hz
degree,C
amps,A
nos,No
deg celcius,C
amps,A
volts,V
amps,A
pf,PF
amps,A
hz,Hz
pf,PF
volts,V
v,V
amps,A
v,V
volt,V
deg celcius,C
degree,C
amps,A
nos,No
v,V
deg celcius,C
amps,A
hz,Hz
nos,No
amps,A
v,V
amps,A
volts,V
degree,C
volt,V
pf,PF
volt,V
volts,V
v,V
v,V
amps,A
amps,A
amps,A
hz,Hz
pf,PF
degree,C
deg celcius,C
nos,No
v,V
v,V
amps,A
amps,A
amps,A
hz,Hz
pf,PF
degree,C
deg celcius,C
nos,No
volt,V
volts,V
nos,No
amps,A
pf,PF
v,V
amps,A
degree,C
hz,Hz
volt,V
volts,V
amps,A
v,V
deg celcius,C
nos,No
hz,Hz
amps,A
v,V
amps,A
v,V
volt,V
amps,A
volts,V
degree,C
pf,PF
deg celcius,C
nos,No
volt,V
hz,Hz
amps,A
volts,V
v,V
degree,C
v,V
amps,A
deg celcius,C
pf,PF
amps,A
amps,A
volts,V
volt,V
pf,PF
hz,Hz
deg celcius,C
v,V
v,V
degree,C
amps,A
amps,A
nos,No
v,V
v,V
amps,A
volts,V
kpa,bar
volts,V
rpm,rpm
hrs,Hr
hz,Hz
pf,PF
amps,A
hrs,Hr
kwh,Kwh
amp,A
amp,A
hrs,Hr
deg celcius,C
deg celcius,C
v,V
v,V
amps,A
pf,PF
deg celcius,C
rpm,rpm
hrs,Hr
volts,V
hrs,Hr
kwh,Kwh
amp,A
deg celcius,C
volts,V
hrs,Hr
kpa,bar
amp,A
amps,A
hz,Hz
kwh,Kwh
hz,Hz
amp,A
v,V
amps,A
volts,V
deg celcius,C
kpa,bar
amp,A
hrs,Hr
hrs,Hr
amps,A
v,V
volts,V
rpm,rpm
deg celcius,C
pf,PF
hrs,Hr
amps,A
volt,V
v,V
v,V
nos,No
pf,PF
amps,A
deg celcius,C
degree,C
amps,A
hz,Hz
volts,V
amps,A
volt,V
v,V
pf,PF
deg celcius,C
nos,No
amps,A
v,V
volts,V
amps,A
hz,Hz
degree,C
hrs,Hr
deg celcius,C
kpa,bar
volts,V
pf,PF
kwh,Kwh
rpm,rpm
deg celcius,C
hrs,Hr
amps,A
amp,A
v,V
amp,A
hz,Hz
amps,A
hrs,Hr
v,V
volts,V
v,V
pf,PF
v,V
amps,A
degree,C
volt,V
volts,V
amps,A
hz,Hz
amps,A
deg celcius,C
nos,No
volts,V
hrs,Hr
deg celcius,C
amps,A
hrs,Hr
v,V
kwh,Kwh
v,V
kpa,bar
pf,PF
hrs,Hr
hz,Hz
amps,A
amp,A
volts,V
rpm,rpm
amp,A
deg celcius,C
v,V
hz,Hz
degree,C
nos,No
v,V
amp,A
hrs,Hr
volt,V
volts,V
amps,A
v,V
amps,A
amps,A
amps,A
pf,PF
deg celcius,C
deg celcius,C
pf,PF
hz,Hz
kpa,bar
hrs,Hr
amp,A
kwh,Kwh
amps,A
deg celcius,C
v,V
hrs,Hr
volts,V
rpm,rpm
volts,V
amps,A
amps,A
v,V
volt,V
volts,V
v,V
amps,A
hz,Hz
pf,PF
degree,C
deg celcius,C
nos,No
amps,A
amps,A
volts,V
deg celcius,C
pf,PF
volt,V
v,V
v,V
amps,A
hz,Hz
degree,C
nos,No
volts,V
v,V
amps,A
amps,A
amps,A
pf,PF
degree,C
deg celcius,C
nos,No
v,V
hz,Hz
volt,V
volts,V
v,V
v,V
amps,A
amps,A
hz,Hz
pf,PF
deg celcius,C
nos,No
amps,A
volt,V
degree,C
v,V
amps,A
degree,C
v,V
hz,Hz
amps,A
pf,PF
deg celcius,C
volt,V
nos,No
volts,V
amps,A
nos,No
v,V
amps,A
v,V
hz,Hz
amps,A
degree,C
volt,V
amps,A
volts,V
deg celcius,C
pf,PF
amps,A
volt,V
v,V
hz,Hz
volts,V
v,V
pf,PF
amps,A
nos,No
amps,A
degree,C
deg celcius,C
volts,V
degree,C
v,V
amps,A
hz,Hz
v,V
pf,PF
nos,No
amps,A
amps,A
deg celcius,C
volt,V
amps,A
volts,V
amps,A
deg celcius,C
degree,C
volt,V
v,V
v,V
amps,A
hz,Hz
pf,PF
nos,No
pf,PF
nos,No
degree,C
volts,V
v,V
deg celcius,C
hz,Hz
volt,V
v,V
amps,A
amps,A
amps,A
deg celcius,C
v,V
volts,V
degree,C
pf,PF
amps,A
amps,A
volt,V
hz,Hz
v,V
nos,No
amps,A
amps,A
v,V
deg celcius,C
hz,Hz
v,V
amps,A
amps,A
amps,A
nos,No
degree,C
deg celcius,C
amps,A
degree,C
volt,V
degree,C
volts,V
nos,No
pf,PF
v,V
hz,Hz
v,V
degree,C
volts,V
v,V
deg celcius,C
hz,Hz
degree,C
volts,V
nos,No
pf,PF
pf,PF
amps,A
amps,A
amps,A
volt,V
deg celcius,C
amps,A
deg celcius,C
pf,PF
volt,V
amps,A
v,V
deg celcius,C
v,V
nos,No
amps,A
volts,V
hz,Hz
amps,A
nos,No
volt,V
amps,A
v,V
volts,V
pf,PF
amps,A
degree,C
nos,No
pf,PF
degree,C
v,V
hz,Hz
amps,A
hz,Hz
amps,A
volt,V
v,V
v,V
pf,PF
amps,A
volts,V
v,V
amps,A
amps,A
volt,V
hz,Hz
deg celcius,C
volt,V
nos,No
amps,A
v,V
volts,V
v,V
amps,A
volt,V
volts,V
v,V
v,V
amps,A
amps,A
amps,A
hz,Hz
pf,PF
degree,C
deg celcius,C
nos,No
deg celcius,C
nos,No
volt,V
volts,V
v,V
v,V
amps,A
amps,A
amps,A
hz,Hz
pf,PF
degree,C
deg celcius,C
volts,V
v,V
degree,C
amps,A
amps,A
pf,PF
hz,Hz
amps,A
nos,No
volt,V
v,V
v,V
volts,V
volt,V
v,V
amps,A
amps,A
hz,Hz
degree,C
nos,No
deg celcius,C
pf,PF
amps,A
amps,A
amps,A
pf,PF
v,V
hz,Hz
nos,No
volts,V
v,V
volt,V
amps,A
degree,C
deg celcius,C
amps,A
volt,V
hz,Hz
amps,A
volts,V
v,V
pf,PF
nos,No
degree,C
amps,A
v,V
deg celcius,C
v,V
deg celcius,C
v,V
nos,No
volts,V
degree,C
amps,A
pf,PF
amps,A
volt,V
amps,A
hz,Hz
nos,No
degree,C
v,V
pf,PF
volts,V
deg celcius,C
v,V
amps,A
amps,A
volt,V
amps,A
hz,Hz
hz,Hz
v,V
volt,V
deg celcius,C
amps,A
nos,No
amps,A
amps,A
volts,V
v,V
degree,C
pf,PF
degree,C
pf,PF
amps,A
hz,Hz
volts,V
nos,No
v,V
amps,A
volt,V
v,V
amps,A
deg celcius,C
degree,C
amps,A
amps,A
volt,V
volts,V
nos,No
v,V
v,V
amps,A
hz,Hz
pf,PF
deg celcius,C
v,V
v,V
amps,A
deg celcius,C
pf,PF
volt,V
volts,V
amps,A
amps,A
hz,Hz
degree,C
nos,No
volt,V
volts,V
v,V
v,V
amps,A
amps,A
amps,A
hz,Hz
pf,PF
degree,C
deg celcius,C
nos,No
amps,A
amps,A
amps,A
hz,Hz
pf,PF
degree,C
deg celcius,C
nos,No
volt,V
volts,V
v,V
v,V
volts,V
v,V
amps,A
amps,A
amps,A
pf,PF
degree,C
deg celcius,C
nos,No
volt,V
v,V
hz,Hz
hz,Hz
pf,PF
degree,C
deg celcius,C
nos,No
amps,A
amps,A
volt,V
volts,V
v,V
v,V
amps,A
volt,V
volts,V
v,V
v,V
amps,A
amps,A
amps,A
hz,Hz
pf,PF
degree,C
deg celcius,C
nos,No
volt,V
volts,V
v,V
v,V
amps,A
amps,A
amps,A
hz,Hz
pf,PF
degree,C
deg celcius,C
nos,No
v,V
nos,No
amps,A
amps,A
amps,A
volts,V
pf,PF
hz,Hz
deg celcius,C
degree,C
volt,V
v,V
volt,V
hz,Hz
degree,C
amps,A
pf,PF
v,V
volts,V
v,V
amps,A
amps,A
deg celcius,C
nos,No
v,V
hz,Hz
deg celcius,C
volts,V
amps,A
amps,A
v,V
amps,A
nos,No
degree,C
volt,V
pf,PF
amps,A
nos,No
amps,A
v,V
volt,V
volts,V
pf,PF
amps,A
degree,C
deg celcius,C
hz,Hz
v,V
amps,A
amps,A
volt,V
volts,V
v,V
v,V
amps,A
deg celcius,C
nos,No
hz,Hz
pf,PF
degree,C
volt,V
volts,V
v,V
v,V
amps,A
amps,A
amps,A
hz,Hz
pf,PF
degree,C
deg celcius,C
nos,No
nos,No
volts,V
amps,A
hz,Hz
v,V
amps,A
degree,C
volt,V
deg celcius,C
amps,A
pf,PF
v,V
amps,A
nos,No
hz,Hz
v,V
degree,C
volts,V
deg celcius,C
v,V
amps,A
nos,No
volt,V
v,V
amps,A
volt,V
pf,PF
pf,PF
hz,Hz
amps,A
deg celcius,C
amps,A
nos,No
v,V
amps,A
degree,C
volts,V
amps,A
volt,V
hz,Hz
pf,PF
amps,A
deg celcius,C
v,V
v,V
amps,A
volts,V
degree,C
deg celcius,C
nos,No
volt,V
volts,V
v,V
v,V
amps,A
amps,A
amps,A
hz,Hz
pf,PF
degree,C
volt,V
volts,V
v,V
v,V
amps,A
amps,A
amps,A
hz,Hz
pf,PF
degree,C
deg celcius,C
nos,No
volts,V
v,V
amps,A
amps,A
amps,A
pf,PF
degree,C
deg celcius,C
nos,No
v,V
volt,V
hz,Hz
volt,V
volts,V
v,V
v,V
amps,A
amps,A
amps,A
hz,Hz
pf,PF
degree,C
deg celcius,C
nos,No
nos,No
volts,V
volt,V
pf,PF
degree,C
hz,Hz
v,V
v,V
amps,A
deg celcius,C
amps,A
amps,A
amps,A
v,V
volts,V
v,V
amps,A
amps,A
volt,V
hz,Hz
pf,PF
deg celcius,C
nos,No
degree,C
degree,C
hz,Hz
nos,No
volts,V
pf,PF
nos,No
degree,C
hz,Hz
volt,V
v,V
amps,A
amps,A
v,V
amps,A
pf,PF
deg celcius,C
degree,C
hz,Hz
volts,V
v,V
v,V
amps,A
amps,A
volt,V
amps,A
deg celcius,C
deg celcius,C
nos,No
pf,PF
volt,V
amps,A
v,V
amps,A
amps,A
volts,V
v,V
hz,Hz
degree,C
pf,PF
v,V
nos,No
amps,A
deg celcius,C
v,V
amps,A
amps,A
volts,V
volt,V
degree,C
amps,A
amps,A
deg celcius,C
volts,V
v,V
amps,A
pf,PF
nos,No
volt,V
v,V
hz,Hz
volt,V
v,V
v,V
amps,A
amps,A
amps,A
hz,Hz
pf,PF
degree,C
deg celcius,C
nos,No
volts,V
degree,C
hz,Hz
amps,A
volt,V
volts,V
v,V
v,V
amps,A
amps,A
pf,PF
deg celcius,C
nos,No
volts,V
v,V
amps,A
volt,V
v,V
amps,A
amps,A
hz,Hz
pf,PF
degree,C
deg celcius,C
nos,No
amps,A
hz,Hz
degree,C
pf,PF
v,V
v,V
deg celcius,C
volt,V
volts,V
amps,A
amps,A
nos,No
degree,C
v,V
pf,PF
v,V
amps,A
amps,A
volts,V
amps,A
hz,Hz
volt,V
deg celcius,C
nos,No
amps,A
amps,A
volts,V
v,V
pf,PF
nos,No
deg celcius,C
volt,V
amps,A
degree,C
v,V
hz,Hz
amps,A
volts,V
nos,No
v,V
deg celcius,C
v,V
hz,Hz
pf,PF
degree,C
volt,V
amps,A
amps,A
pf,PF
degree,C
deg celcius,C
nos,No
volt,V
volts,V
v,V
v,V
amps,A
amps,A
amps,A
hz,Hz
v,V
amps,A
amps,A
amps,A
hz,Hz
pf,PF
degree,C
deg celcius,C
nos,No
volt,V
volts,V
v,V
volt,V
volts,V
v,V
v,V
amps,A
amps,A
amps,A
hz,Hz
pf,PF
degree,C
deg celcius,C
nos,No
volt,V
volts,V
v,V
v,V
amps,A
amps,A
amps,A
hz,Hz
pf,PF
degree,C
deg celcius,C
nos,No
v,V
amps,A
hz,Hz
volt,V
nos,No
degree,C
amps,A
pf,PF
volts,V
hz,Hz
v,V
v,V
amps,A
deg celcius,C
volts,V
amps,A
pf,PF
nos,No
volt,V
v,V
amps,A
degree,C
deg celcius,C
amps,A
degree,C
pf,PF
volt,V
nos,No
amps,A
volts,V
v,V
v,V
amps,A
amps,A
hz,Hz
deg celcius,C
deg celcius,C
v,V
nos,No
volts,V
volt,V
v,V
amps,A
v,V
deg celcius,C
degree,C
amps,A
hz,Hz
amps,A
v,V
nos,No
hz,Hz
deg celcius,C
volts,V
degree,C
v,V
volt,V
degree,C
amps,A
amps,A
v,V
hz,Hz
volts,V
pf,PF
degree,C
volt,V
amps,A
amps,A
amps,A
hz,Hz
pf,PF
degree,C
amps,A
v,V
pf,PF
degree,C
hz,Hz
volts,V
nos,No
volt,V
amps,A
pf,PF
deg celcius,C
amps,A
hz,Hz
v,V
volt,V
nos,No
v,V
volts,V
amps,A
amps,A
deg celcius,C
volt,V
v,V
v,V
amps,A
degree,C
volts,V
pf,PF
nos,No
nos,No
amps,A
v,V
hz,Hz
pf,PF
volt,V
deg celcius,C
amps,A
amps,A
volts,V
degree,C
amps,A
v,V
volt,V
amps,A
v,V
amps,A
pf,PF
degree,C
pf,PF
v,V
nos,No
amps,A
amps,A
volts,V
v,V
hz,Hz
amps,A
deg celcius,C
volt,V
volts,V
pf,PF
amps,A
v,V
nos,No
hz,Hz
deg celcius,C
amps,A
amps,A
v,V
v,V
volt,V
deg celcius,C
pf,PF
v,V
degree,C
volts,V
nos,No
amps,A
deg celcius,C
amps,A
v,V
amps,A
nos,No
volt,V
amps,A
amps,A
hz,Hz
amps,A
deg celcius,C
volts,V
hz,Hz
degree,C
pf,PF
amps,A
nos,No
v,V
amps,A
v,V
deg celcius,C
pf,PF
amps,A
volt,V
volts,V
amps,A
nos,No
hz,Hz
v,V
degree,C
hz,Hz
degree,C
pf,PF
v,V
v,V
deg celcius,C
volt,V
amps,A
amps,A
nos,No
volts,V
amps,A
amps,A
hz,Hz
degree,C
v,V
amps,A
v,V
amps,A
deg celcius,C
pf,PF
volts,V
nos,No
volt,V
amps,A
volt,V
degree,C
amps,A
deg celcius,C
volts,V
hz,Hz
v,V
pf,PF
v,V
amps,A
nos,No
volts,V
v,V
amps,A
amps,A
amps,A
pf,PF
degree,C
deg celcius,C
nos,No
volt,V
v,V
hz,Hz
hz,Hz
amps,A
volts,V
deg celcius,C
nos,No
v,V
amps,A
amps,A
v,V
volt,V
pf,PF
degree,C
volts,V
v,V
amps,A
hz,Hz
amps,A
amps,A
hz,Hz
volt,V
deg celcius,C
degree,C
nos,No
v,V
amps,A
degree,C
amps,A
volts,V
rpm,rpm
hrs,Hr
hrs,Hr
nos,No
volt,V
amps,A
pf,PF
amps,A
amps,A
amps,A
deg celcius,C
nos,No
v,V
volt,V
pf,PF
deg celcius,C
amps,A
v,V
pf,PF
hz,Hz
v,V
deg celcius,C
amps,A
degree,C
volts,V
amps,A
pf,PF
nos,No
v,V
amps,A
volts,V
degree,C
hz,Hz
v,V
volt,V
degree,C
amps,A
volts,V
amps,A
volts,V
pf,PF
hrs,Hr
kwh,Kwh
v,V
hz,Hz
kpa,bar
deg celcius,C
kwh,Kwh
hz,Hz
pf,PF
v,V
deg celcius,C
pf,PF
amps,A
volt,V
volt,V
amps,A
amps,A
volts,V
degree,C
nos,No
v,V
amps,A
amp,A
amp,A
amps,A
amps,A
amps,A
deg celcius,C
hz,Hz
v,V
v,V
pf,PF
v,V
hz,Hz
volts,V
nos,No
v,V
degree,C
hz,Hz
v,V
volts,V
hrs,Hr
v,V
pf,PF
amp,A
nos,No
amps,A
amps,A
amps,A
deg celcius,C
nos,No
volt,V
v,V
volts,V
amps,A
hrs,Hr
amp,A
volts,V
kpa,bar
deg celcius,C
deg celcius,C
v,V
rpm,rpm
hz,Hz
deg celcius,C
volts,V
hrs,Hr
amps,A
deg celcius,C
pf,PF
v,V
amps,A
degree,C
volt,V
v,V
amps,A
volt,V
deg celcius,C
hz,Hz
pf,PF
degree,C
amps,A
nos,No
amps,A
v,V
volts,V
v,V
degree,C
v,V
volts,V
volt,V
v,V
amps,A
deg celcius,C
amps,A
amps,A
nos,No
hz,Hz
pf,PF
volts,V
v,V
amps,A
amps,A
amps,A
pf,PF
degree,C
deg celcius,C
nos,No
volt,V
v,V
hz,Hz
volts,V
v,V
v,V
amps,A
amps,A
hz,Hz
pf,PF
deg celcius,C
nos,No
volt,V
amps,A
degree,C
amps,A
nos,No
hz,Hz
deg celcius,C
degree,C
amps,A
v,V
amps,A
volt,V
v,V
pf,PF
volts,V
amps,A
amps,A
hz,Hz
v,V
pf,PF
v,V
nos,No
degree,C
amps,A
volts,V
deg celcius,C
volt,V
pf,PF
amps,A
amps,A
volts,V
v,V
v,V
amps,A
degree,C
deg celcius,C
nos,No
volt,V
hz,Hz
amps,A
volt,V
amps,A
nos,No
volts,V
deg celcius,C
v,V
degree,C
amps,A
hz,Hz
pf,PF
v,V
volt,V
volts,V
v,V
deg celcius,C
pf,PF
v,V
nos,No
degree,C
amps,A
amps,A
hz,Hz
amps,A
deg celcius,C
hz,Hz
amps,A
volt,V
nos,No
pf,PF
amps,A
volts,V
v,V
degree,C
amps,A
v,V
hz,Hz
amps,A
nos,No
amps,A
amps,A
v,V
pf,PF
deg celcius,C
degree,C
volts,V
v,V
volt,V
v,V
degree,C
amps,A
pf,PF
volt,V
amps,A
hz,Hz
nos,No
deg celcius,C
v,V
amps,A
volts,V
v,V
amps,A
volts,V
amps,A
volt,V
nos,No
degree,C
pf,PF
deg celcius,C
amps,A
v,V
hz,Hz
pf,PF
hz,Hz
deg celcius,C
v,V
v,V
v,V
pf,PF
v,V
volts,V
nos,No
amps,A
deg celcius,C
amps,A
degree,C
deg celcius,C
deg celcius,C
v,V
pf,PF
hz,Hz
amps,A
amps,A
v,V
nos,No
amps,A
v,V
amps,A
volt,V
amps,A
amps,A
v,V
volt,V
degree,C
volts,V
pf,PF
volts,V
v,V
amps,A
v,V
degree,C
nos,No
volt,V
amps,A
amps,A
pf,PF
v,V
amps,A
deg celcius,C
amps,A
pf,PF
v,V
volts,V
hz,Hz
nos,No
nos,No
hz,Hz
deg celcius,C
volts,V
amps,A
degree,C
nos,No
amps,A
pf,PF
volt,V
volts,V
pf,PF
amps,A
deg celcius,C
nos,No
volts,V
volts,V
amps,A
volt,V
nos,No
v,V
volts,V
v,V
v,V
amps,A
deg celcius,C
amps,A
deg celcius,C
hz,Hz
volts,V
volt,V
volt,V
degree,C
amps,A
nos,No
hz,Hz
pf,PF
amps,A
degree,C
deg celcius,C
volt,V
amps,A
volt,V
amps,A
pf,PF
v,V
amps,A
amps,A
pf,PF
nos,No
hz,Hz
nos,No
volt,V
volt,V
pf,PF
pf,PF
hz,Hz
amps,A
degree,C
degree,C
volt,V
volt,V
amps,A
amps,A
deg celcius,C
pf,PF
hz,Hz
amps,A
v,V
amps,A
v,V
v,V
pf,PF
v,V
amps,A
amps,A
amps,A
nos,No
v,V
nos,No
degree,C
volts,V
amps,A
v,V
volt,V
degree,C
volts,V
deg celcius,C
hz,Hz
degree,C
pf,PF
hz,Hz
degree,C
nos,No
volt,V
hz,Hz
amps,A
degree,C
deg celcius,C
pf,PF
v,V
deg celcius,C
amps,A
amps,A
hz,Hz
pf,PF
amps,A
amps,A
volt,V
v,V
volt,V
v,V
pf,PF
volts,V
v,V
deg celcius,C
degree,C
volts,V
v,V
amps,A
amps,A
nos,No
v,V
hz,Hz
v,V
degree,C
nos,No
volts,V
v,V
hz,Hz
amps,A
v,V
amps,A
volts,V
nos,No
amps,A
hz,Hz
deg celcius,C
degree,C
volt,V
hz,Hz
degree,C
volts,V
nos,No
volts,V
deg celcius,C
amps,A
hz,Hz
amps,A
v,V
amps,A
v,V
amps,A
amps,A
deg celcius,C
amps,A
degree,C
volts,V
hz,Hz
amps,A
amps,A
amps,A
deg celcius,C
v,V
nos,No
amps,A
v,V
volt,V
amps,A
amps,A
v,V
v,V
degree,C
v,V
amps,A
pf,PF
hz,Hz
amps,A
nos,No
deg celcius,C
volts,V
v,V
v,V
amps,A
volt,V
amps,A
degree,C
pf,PF
v,V
nos,No
hz,Hz
amps,A
amps,A
degree,C
volts,V
deg celcius,C
v,V
volt,V
amps,A
v,V
amps,A
nos,No
pf,PF
v,V
hz,Hz
amps,A
volt,V
amps,A
degree,C
volts,V
deg celcius,C
v,V
hz,Hz
deg celcius,C
amps,A
amps,A
v,V
amps,A
pf,PF
nos,No
volt,V
degree,C
volts,V
amps,A
degree,C
v,V
pf,PF
amps,A
v,V
deg celcius,C
nos,No
volts,V
hz,Hz
amps,A
volt,V
v,V
pf,PF
v,V
hz,Hz
amps,A
volts,V
degree,C
deg celcius,C
volt,V
nos,No
amps,A
hz,Hz
amps,A
volts,V
amps,A
v,V
nos,No
pf,PF
pf,PF
hz,Hz
v,V
degree,C
volt,V
amps,A
deg celcius,C
amps,A
deg celcius,C
volts,V
amps,A
amps,A
volt,V
amps,A
degree,C
v,V
nos,No
v,V
amps,A
hz,Hz
amps,A
degree,C
deg celcius,C
volt,V
volts,V
v,V
amps,A
pf,PF
v,V
nos,No
v,V
deg celcius,C
degree,C
nos,No
volt,V
volts,V
amps,A
amps,A
hz,Hz
amps,A
pf,PF
v,V
volts,V
v,V
amps,A
amps,A
amps,A
hz,Hz
pf,PF
degree,C
deg celcius,C
nos,No
v,V
volt,V
deg celcius,C
nos,No
volt,V
volts,V
v,V
v,V
amps,A
amps,A
amps,A
hz,Hz
pf,PF
degree,C
volt,V
deg celcius,C
amps,A
v,V
pf,PF
degree,C
volts,V
nos,No
amps,A
v,V
amps,A
hz,Hz
hz,Hz
v,V
amps,A
v,V
volt,V
deg celcius,C
amps,A
nos,No
pf,PF
degree,C
volts,V
amps,A
volt,V
volts,V
v,V
v,V
amps,A
amps,A
amps,A
hz,Hz
pf,PF
degree,C
deg celcius,C
nos,No
volts,V
v,V
amps,A
amps,A
amps,A
hz,Hz
pf,PF
degree,C
deg celcius,C
nos,No
v,V
volt,V
nos,No
pf,PF
v,V
hz,Hz
amps,A
degree,C
volt,V
deg celcius,C
volts,V
v,V
amps,A
amps,A
v,V
amps,A
pf,PF
volts,V
v,V
deg celcius,C
volt,V
amps,A
amps,A
degree,C
hz,Hz
nos,No
amps,A
deg celcius,C
v,V
volts,V
pf,PF
amps,A
amps,A
volt,V
degree,C
hz,Hz
nos,No
v,V
nos,No
v,V
pf,PF
amps,A
volt,V
volts,V
amps,A
v,V
hz,Hz
degree,C
deg celcius,C
amps,A
v,V
deg celcius,C
degree,C
amps,A
pf,PF
pf,PF
amps,A
nos,No
volt,V
volts,V
v,V
amps,A
hz,Hz
deg celcius,C
hz,Hz
volts,V
degree,C
nos,No
v,V
amps,A
volt,V
v,V
amps,A
amps,A
volts,V
v,V
amps,A
amps,A
amps,A
pf,PF
degree,C
deg celcius,C
nos,No
volt,V
v,V
hz,Hz
volts,V
v,V
v,V
amps,A
amps,A
hz,Hz
pf,PF
deg celcius,C
nos,No
volt,V
amps,A
degree,C
v,V
degree,C
amps,A
deg celcius,C
volts,V
pf,PF
v,V
hz,Hz
amps,A
nos,No
amps,A
volt,V
pf,PF
deg celcius,C
v,V
volt,V
degree,C
v,V
volts,V
hz,Hz
amps,A
amps,A
amps,A
nos,No
pf,PF
amps,A
degree,C
deg celcius,C
volt,V
amps,A
v,V
nos,No
amps,A
hz,Hz
volts,V
v,V
amps,A
hz,Hz
pf,PF
volts,V
v,V
v,V
amps,A
amps,A
volt,V
degree,C
deg celcius,C
nos,No
v,V
amps,A
degree,C
volts,V
hz,Hz
pf,PF
deg celcius,C
v,V
volt,V
amps,A
amps,A
nos,No
deg celcius,C
nos,No
amps,A
pf,PF
v,V
degree,C
volt,V
amps,A
volts,V
v,V
amps,A
hz,Hz
nos,No
amps,A
degree,C
volt,V
volts,V
v,V
v,V
amps,A
amps,A
hz,Hz
pf,PF
deg celcius,C
amps,A
volts,V
degree,C
pf,PF
deg celcius,C
v,V
v,V
volt,V
nos,No
hz,Hz
amps,A
amps,A
pf,PF
amps,A
v,V
volt,V
amps,A
v,V
hz,Hz
amps,A
volts,V
degree,C
deg celcius,C
nos,No
volt,V
volts,V
v,V
v,V
amps,A
amps,A
amps,A
hz,Hz
pf,PF
degree,C
deg celcius,C
nos,No
volt,V
volts,V
v,V
v,V
amps,A
amps,A
amps,A
amps,A
hz,Hz
pf,PF
degree,C
nos,No
amps,A
nos,No
deg celcius,C
nos,No
amps,A
amps,A
pf,PF
amps,A
volts,V
v,V
v,V
volt,V
degree,C
volts,V
deg celcius,C
hz,Hz
v,V
v,V
deg celcius,C
hz,Hz
pf,PF
amps,A
degree,C
volt,V
amps,A
volts,V
nos,No
volts,V
pf,PF
amps,A
amps,A
hz,Hz
amps,A
deg celcius,C
v,V
v,V
degree,C
volt,V
nos,No
amps,A
v,V
deg celcius,C
amps,A
hz,Hz
degree,C
volt,V
v,V
pf,PF
amps,A
volts,V
hz,Hz
amps,A
degree,C
volt,V
amps,A
v,V
v,V
pf,PF
deg celcius,C
nos,No
nos,No
amps,A
amps,A
deg celcius,C
volt,V
hz,Hz
volts,V
v,V
v,V
amps,A
pf,PF
degree,C
volts,V
v,V
v,V
amps,A
amps,A
hz,Hz
pf,PF
deg celcius,C
nos,No
degree,C
volt,V
amps,A
volt,V
volts,V
deg celcius,C
amps,A
hz,Hz
pf,PF
amps,A
v,V
v,V
amps,A
degree,C
nos,No
volts,V
v,V
amps,A
amps,A
amps,A
pf,PF
degree,C
deg celcius,C
nos,No
volt,V
v,V
hz,Hz
volt,V
amps,A
amps,A
pf,PF
v,V
amps,A
volt,V
amps,A
deg celcius,C
deg celcius,C
amps,A
amps,A
hz,Hz
degree,C
nos,No
volts,V
v,V
deg celcius,C
volts,V
v,V
v,V
amps,A
amps,A
hz,Hz
pf,PF
degree,C
deg celcius,C
nos,No
hz,Hz
volts,V
v,V
v,V
amps,A
amps,A
nos,No
volt,V
pf,PF
degree,C
amps,A
amps,A
volt,V
v,V
amps,A
volts,V
v,V
volts,V
deg celcius,C
pf,PF
hz,Hz
hz,Hz
pf,PF
degree,C
nos,No
degree,C
v,V
volt,V
hz,Hz
nos,No
v,V
amps,A
amps,A
amps,A
pf,PF
deg celcius,C
volts,V
v,V
amps,A
amps,A
degree,C
nos,No
volt,V
v,V
hz,Hz
deg celcius,C
v,V
nos,No
amps,A
amps,A
amps,A
v,V
volt,V
pf,PF
degree,C
volts,V
hz,Hz
degree,C
volts,V
amps,A
deg celcius,C
v,V
v,V
pf,PF
nos,No
volt,V
amps,A
amps,A
hz,Hz
pf,PF
degree,C
deg celcius,C
nos,No
volt,V
volts,V
v,V
v,V
amps,A
amps,A
amps,A
pf,PF
degree,C
deg celcius,C
nos,No
volt,V
volts,V
v,V
v,V
amps,A
amps,A
amps,A
hz,Hz
deg celcius,C
hz,Hz
volt,V
volts,V
pf,PF
volt,V
amps,A
v,V
degree,C
v,V
amps,A
v,V
amps,A
amps,A
pf,PF
hz,Hz
v,V
amps,A
nos,No
volts,V
amps,A
amps,A
volt,V
pf,PF
v,V
amps,A
hz,Hz
amps,A
v,V
amps,A
nos,No
deg celcius,C
volt,V
v,V
degree,C
amps,A
nos,No
v,V
amps,A
degree,C
pf,PF
amps,A
volts,V
deg celcius,C
deg celcius,C
pf,PF
v,V
v,V
nos,No
amps,A
volt,V
nos,No
v,V
pf,PF
degree,C
volts,V
amps,A
hz,Hz
v,V
deg celcius,C
nos,No
v,V
amps,A
nos,No
hz,Hz
nos,No
volt,V
degree,C
deg celcius,C
amps,A
amps,A
v,V
pf,PF
volts,V
nos,No
volt,V
amps,A
hz,Hz
degree,C
amps,A
volts,V
v,V
amps,A
deg celcius,C
hz,Hz
volt,V
degree,C
amps,A
pf,PF
volts,V
amps,A
v,V
amps,A
amps,A
hz,Hz
degree,C
amps,A
volts,V
volt,V
deg celcius,C
degree,C
amps,A
pf,PF
pf,PF
v,V
nos,No
deg celcius,C
hz,Hz
volts,V
deg celcius,C
amps,A
v,V
volt,V
degree,C
volts,V
v,V
amps,A
v,V
hz,Hz
amps,A
volt,V
pf,PF
degree,C
volts,V
v,V
v,V
amps,A
amps,A
amps,A
hz,Hz
deg celcius,C
nos,No
amps,A
pf,PF
volt,V
volts,V
v,V
v,V
degree,C
deg celcius,C
nos,No
amps,A
amps,A
hz,Hz
nos,No
pf,PF
amps,A
deg celcius,C
v,V
v,V
hz,Hz
volts,V
degree,C
amps,A
amps,A
volt,V
amps,A
degree,C
nos,No
v,V
v,V
amps,A
hz,Hz
volt,V
volts,V
amps,A
pf,PF
deg celcius,C
degree,C
volts,V
v,V
amps,A
hz,Hz
volt,V
v,V
amps,A
amps,A
pf,PF
deg celcius,C
nos,No
amps,A
volt,V
hz,Hz
v,V
amps,A
volts,V
v,V
amps,A
nos,No
deg celcius,C
pf,PF
degree,C
deg celcius,C
nos,No
pf,PF
degree,C
volt,V
amps,A
v,V
amps,A
volts,V
v,V
amps,A
hz,Hz
deg celcius,C
amps,A
v,V
volts,V
pf,PF
volt,V
v,V
amps,A
amps,A
hz,Hz
degree,C
nos,No
amps,A
volt,V
amps,A
deg celcius,C
amps,A
nos,No
pf,PF
degree,C
v,V
volts,V
hz,Hz
v,V
hz,Hz
volt,V
amps,A
pf,PF
v,V
amps,A
v,V
deg celcius,C
amps,A
nos,No
degree,C
volts,V
pf,PF
volt,V
volts,V
deg celcius,C
v,V
amps,A
v,V
amps,A
amps,A
hz,Hz
degree,C
nos,No
amps,A
deg celcius,C
amps,A
hz,Hz
volt,V
amps,A
volts,V
v,V
pf,PF
v,V
degree,C
nos,No
nos,No
degree,C
hz,Hz
pf,PF
v,V
volts,V
nos,No
volt,V
amps,A
hz,Hz
v,V
pf,PF
volts,V
v,V
amps,A
amps,A
deg celcius,C
volt,V
v,V
amps,A
nos,No
amps,A
v,V
pf,PF
volts,V
degree,C
deg celcius,C
amps,A
degree,C
nos,No
amps,A
v,V
hz,Hz
v,V
amps,A
amps,A
deg celcius,C
volts,V
volt,V
degree,C
pf,PF
volt,V
deg celcius,C
v,V
amps,A
amps,A
amps,A
hz,Hz
volt,V
degree,C
amps,A
pf,PF
v,V
v,V
hz,Hz
amps,A
amps,A
nos,No
volts,V
deg celcius,C
volts,V
v,V
nos,No
hz,Hz
pf,PF
deg celcius,C
amps,A
volt,V
v,V
amps,A
degree,C
amps,A
amps,A
v,V
amps,A
amps,A
volts,V
deg celcius,C
volt,V
hz,Hz
degree,C
v,V
pf,PF
nos,No
hz,Hz
nos,No
amps,A
v,V
volt,V
volts,V
v,V
amps,A
amps,A
pf,PF
degree,C
deg celcius,C
v,V
amps,A
amps,A
amps,A
hz,Hz
pf,PF
degree,C
deg celcius,C
nos,No
volt,V
volts,V
v,V
amps,A
amps,A
pf,PF
amps,A
hz,Hz
volt,V
v,V
v,V
degree,C
deg celcius,C
nos,No
volts,V
amps,A
degree,C
deg celcius,C
volts,V
v,V
v,V
amps,A
amps,A
volt,V
hz,Hz
pf,PF
nos,No
amps,A
pf,PF
volts,V
v,V
hz,Hz
amps,A
volt,V
v,V
amps,A
degree,C
deg celcius,C
nos,No
volts,V
deg celcius,C
v,V
amps,A
volt,V
v,V
amps,A
amps,A
hz,Hz
nos,No
pf,PF
degree,C
v,V
amps,A
nos,No
pf,PF
volts,V
amps,A
degree,C
v,V
hz,Hz
amps,A
volt,V
deg celcius,C
degree,C
hz,Hz
amps,A
amps,A
v,V
volt,V
pf,PF
volts,V
v,V
amps,A
deg celcius,C
nos,No
nos,No
v,V
volt,V
hz,Hz
amps,A
amps,A
degree,C
volts,V
pf,PF
v,V
amps,A
deg celcius,C
nos,No
amps,A
volts,V
deg celcius,C
pf,PF
volt,V
v,V
v,V
amps,A
amps,A
hz,Hz
degree,C
v,V
hz,Hz
volt,V
volts,V
v,V
amps,A
amps,A
amps,A
pf,PF
degree,C
deg celcius,C
nos,No
v,V
amps,A
hz,Hz
pf,PF
volts,V
amps,A
degree,C
deg celcius,C
nos,No
volt,V
v,V
amps,A
v,V
pf,PF
amps,A
volt,V
nos,No
v,V
degree,C
amps,A
volts,V
amps,A
deg celcius,C
hz,Hz
v,V
amps,A
volts,V
amps,A
amps,A
nos,No
v,V
volt,V
deg celcius,C
pf,PF
hz,Hz
degree,C
volts,V
v,V
amps,A
deg celcius,C
pf,PF
degree,C
v,V
hz,Hz
v,V
amps,A
amps,A
volt,V
nos,No
amps,A
volts,V
deg celcius,C
v,V
amps,A
degree,C
volt,V
degree,C
deg celcius,C
nos,No
hz,Hz
v,V
amps,A
deg celcius,C
amps,A
volts,V
pf,PF
volts,V
v,V
pf,PF
nos,No
amps,A
degree,C
degree,C
volt,V
amps,A
hz,Hz
v,V
amps,A
pf,PF
v,V
amps,A
amps,A
volts,V
v,V
deg celcius,C
amps,A
amps,A
nos,No
amps,A
hz,Hz
volt,V
volts,V
nos,No
v,V
v,V
pf,PF
hz,Hz
volt,V
amps,A
pf,PF
nos,No
v,V
amps,A
volt,V
amps,A
degree,C
deg celcius,C
hz,Hz
volts,V
v,V
amps,A
hz,Hz
pf,PF
v,V
volt,V
amps,A
amps,A
degree,C
deg celcius,C
nos,No
amps,A
hz,Hz
pf,PF
degree,C
deg celcius,C
v,V
amps,A
amps,A
nos,No
v,V
volt,V
volts,V
degree,C
v,V
pf,PF
deg celcius,C
amps,A
volt,V
v,V
nos,No
amps,A
amps,A
hz,Hz
volts,V
v,V
nos,No
amps,A
amps,A
deg celcius,C
amps,A
hz,Hz
volt,V
volts,V
degree,C
pf,PF
v,V
nos,No
volt,V
volts,V
v,V
v,V
amps,A
amps,A
amps,A
hz,Hz
pf,PF
degree,C
deg celcius,C
amps,A
pf,PF
degree,C
deg celcius,C
nos,No
volt,V
volts,V
v,V
v,V
amps,A
amps,A
hz,Hz
volt,V
amps,A
v,V
pf,PF
hz,Hz
v,V
deg celcius,C
amps,A
degree,C
amps,A
volts,V
nos,No
deg celcius,C
pf,PF
nos,No
amps,A
v,V
v,V
amps,A
volt,V
amps,A
volts,V
hz,Hz
degree,C
amps,A
pf,PF
degree,C
v,V
hz,Hz
amps,A
v,V
deg celcius,C
amps,A
volts,V
nos,No
volt,V
degree,C
nos,No
v,V
hz,Hz
amps,A
volts,V
amps,A
deg celcius,C
pf,PF
volt,V
amps,A
v,V
v,V
volt,V
deg celcius,C
volts,V
hz,Hz
degree,C
nos,No
amps,A
v,V
amps,A
pf,PF
amps,A
volts,V
v,V
amps,A
v,V
degree,C
amps,A
amps,A
hz,Hz
pf,PF
nos,No
volt,V
deg celcius,C
volt,V
volts,V
v,V
v,V
amps,A
amps,A
amps,A
hz,Hz
pf,PF
degree,C
deg celcius,C
nos,No
amps,A
volts,V
nos,No
deg celcius,C
v,V
amps,A
v,V
volt,V
amps,A
pf,PF
degree,C
hz,Hz
volts,V
volt,V
amps,A
pf,PF
v,V
deg celcius,C
amps,A
amps,A
v,V
degree,C
nos,No
hz,Hz
volts,V
degree,C
v,V
amps,A
pf,PF
hz,Hz
amps,A
v,V
volt,V
amps,A
nos,No
deg celcius,C
nos,No
amps,A
pf,PF
deg celcius,C
amps,A
hz,Hz
v,V
volt,V
volts,V
degree,C
v,V
amps,A
volt,V
volts,V
v,V
v,V
amps,A
amps,A
amps,A
hz,Hz
pf,PF
degree,C
deg celcius,C
nos,No
volt,V
volts,V
v,V
v,V
amps,A
deg celcius,C
deg celcius,C
hz,Hz
nos,No
amps,A
v,V
v,V
nos,No
volt,V
amps,A
v,V
hz,Hz
volts,V
amps,A
amps,A
amps,A
amps,A
hz,Hz
pf,PF
degree,C
deg celcius,C
nos,No
v,V
v,V
degree,C
nos,No
degree,C
pf,PF
deg celcius,C
pf,PF
amps,A
amps,A
hz,Hz
amps,A
amps,A
deg celcius,C
nos,No
volt,V
amps,A
deg celcius,C
volts,V
pf,PF
amps,A
amps,A
volts,V
amps,A
nos,No
hz,Hz
v,V
nos,No
deg celcius,C
volt,V
amps,A
pf,PF
amps,A
volt,V
v,V
hz,Hz
volt,V
amps,A
hz,Hz
pf,PF
amps,A
volts,V
nos,No
deg celcius,C
nos,No
amps,A
volts,V
deg celcius,C
amps,A
volts,V
pf,PF
v,V
degree,C
hz,Hz
amps,A
v,V
degree,C
deg celcius,C
degree,C
amps,A
v,V
volt,V
pf,PF
v,V
amps,A
amps,A
deg celcius,C
nos,No
volt,V
volt,V
deg celcius,C
v,V
volts,V
v,V
amps,A
amps,A
amps,A
nos,No
deg celcius,C
volt,V
hz,Hz
deg celcius,C
hz,Hz
deg celcius,C
pf,PF
pf,PF
amps,A
amps,A
v,V
v,V
degree,C
volt,V
volts,V
amps,A
v,V
amps,A
hz,Hz
nos,No
volts,V
amps,A
pf,PF
nos,No
amps,A
volt,V
v,V
v,V
amps,A
amps,A
v,V
nos,No
amps,A
hz,Hz
v,V
volts,V
nos,No
amps,A
volt,V
deg celcius,C
amps,A
deg celcius,C
amps,A
volts,V
v,V
degree,C
nos,No
amps,A
v,V
deg celcius,C
amps,A
v,V
nos,No
amps,A
v,V
degree,C
v,V
degree,C
v,V
nos,No
amps,A
pf,PF
amps,A
degree,C
volts,V
amps,A
hz,Hz
volt,V
amps,A
v,V
volt,V
pf,PF
degree,C
v,V
pf,PF
degree,C
pf,PF
volt,V
hz,Hz
v,V
hz,Hz
volt,V
volts,V
amps,A
v,V
volts,V
degree,C
v,V
amps,A
volts,V
volt,V
deg celcius,C
degree,C
pf,PF
amps,A
v,V
hz,Hz
deg celcius,C
amps,A
degree,C
volts,V
hz,Hz
pf,PF
v,V
volts,V
amps,A
volt,V
pf,PF
hz,Hz
v,V
nos,No
v,V
degree,C
amps,A
pf,PF
volts,V
nos,No
amps,A
volts,V
volt,V
degree,C
amps,A
hz,Hz
degree,C
amps,A
degree,C
amps,A
v,V
amps,A
amps,A
amps,A
pf,PF
v,V
v,V
hz,Hz
nos,No
volt,V
volts,V
v,V
v,V
amps,A
amps,A
amps,A
hz,Hz
pf,PF
degree,C
deg celcius,C
volt,V
volts,V
v,V
v,V
amps,A
amps,A
amps,A
hz,Hz
pf,PF
degree,C
deg celcius,C
nos,No
volts,V
v,V
amps,A
amps,A
hz,Hz
degree,C
deg celcius,C
nos,No
volt,V
pf,PF
v,V
amps,A
volts,V
v,V
amps,A
amps,A
degree,C
deg celcius,C
nos,No
volt,V
pf,PF
v,V
amps,A
hz,Hz
volts,V
v,V
amps,A
amps,A
amps,A
pf,PF
deg celcius,C
nos,No
volt,V
hz,Hz
v,V
degree,C
volts,V
v,V
amps,A
amps,A
degree,C
deg celcius,C
nos,No
volt,V
pf,PF
v,V
amps,A
hz,Hz
degree,C
volt,V
amps,A
nos,No
v,V
v,V
amps,A
deg celcius,C
volts,V
amps,A
hz,Hz
pf,PF
amps,A
volts,V
nos,No
amps,A
v,V
deg celcius,C
volt,V
v,V
amps,A
hz,Hz
pf,PF
degree,C
amps,A
deg celcius,C
hz,Hz
pf,PF
amps,A
volt,V
v,V
degree,C
volts,V
v,V
amps,A
nos,No
v,V
amps,A
volt,V
volts,V
degree,C
amps,A
hz,Hz
pf,PF
deg celcius,C
nos,No
v,V
amps,A
v,V
amps,A
nos,No
v,V
amps,A
degree,C
volt,V
pf,PF
volts,V
amps,A
hz,Hz
deg celcius,C
volt,V
v,V
v,V
amps,A
amps,A
hz,Hz
pf,PF
deg celcius,C
nos,No
volts,V
degree,C
amps,A
amps,A
hz,Hz
v,V
volts,V
nos,No
degree,C
deg celcius,C
amps,A
pf,PF
volt,V
v,V
amps,A
volt,V
amps,A
amps,A
volts,V
nos,No
pf,PF
v,V
deg celcius,C
v,V
hz,Hz
amps,A
degree,C
degree,C
amps,A
nos,No
volt,V
amps,A
pf,PF
volts,V
v,V
v,V
amps,A
hz,Hz
deg celcius,C
volts,V
v,V
amps,A
amps,A
amps,A
hz,Hz
pf,PF
degree,C
deg celcius,C
nos,No
v,V
volt,V
v,V
amps,A
nos,No
hz,Hz
volt,V
v,V
amps,A
degree,C
amps,A
pf,PF
volts,V
deg celcius,C
hz,Hz
v,V
amps,A
nos,No
volts,V
amps,A
v,V
amps,A
volt,V
deg celcius,C
degree,C
pf,PF
pf,PF
volts,V
deg celcius,C
nos,No
volt,V
amps,A
degree,C
v,V
amps,A
v,V
amps,A
hz,Hz
amps,A
volts,V
hz,Hz
degree,C
amps,A
volt,V
amps,A
deg celcius,C
v,V
nos,No
v,V
pf,PF
volt,V
volts,V
v,V
v,V
amps,A
amps,A
amps,A
hz,Hz
pf,PF
degree,C
deg celcius,C
nos,No
v,V
amps,A
volts,V
amps,A
degree,C
volt,V
v,V
amps,A
hz,Hz
pf,PF
deg celcius,C
nos,No
amps,A
v,V
volt,V
amps,A
amps,A
v,V
degree,C
deg celcius,C
pf,PF
volts,V
hz,Hz
nos,No
amps,A
volts,V
amps,A
hz,Hz
amps,A
volt,V
v,V
v,V
pf,PF
nos,No
degree,C
deg celcius,C
volt,V
volts,V
hz,Hz
pf,PF
deg celcius,C
amps,A
nos,No
amps,A
v,V
v,V
amps,A
degree,C
amps,A
v,V
hz,Hz
nos,No
v,V
deg celcius,C
amps,A
pf,PF
volts,V
volt,V
amps,A
degree,C
volts,V
v,V
amps,A
amps,A
amps,A
pf,PF
degree,C
deg celcius,C
nos,No
hz,Hz
v,V
volt,V
hz,Hz
nos,No
deg celcius,C
volt,V
amps,A
v,V
amps,A
amps,A
volts,V
v,V
pf,PF
degree,C
volts,V
v,V
v,V
amps,A
amps,A
hz,Hz
degree,C
deg celcius,C
nos,No
volt,V
pf,PF
amps,A
amps,A
hz,Hz
pf,PF
degree,C
v,V
volt,V
volts,V
v,V
amps,A
amps,A
deg celcius,C
nos,No
volt,V
volts,V
v,V
v,V
amps,A
amps,A
amps,A
hz,Hz
pf,PF
degree,C
deg celcius,C
nos,No
deg celcius,C
nos,No
volt,V
volts,V
v,V
v,V
amps,A
amps,A
amps,A
hz,Hz
pf,PF
degree,C
degree,C
v,V
volt,V
volts,V
v,V
amps,A
amps,A
amps,A
hz,Hz
pf,PF
deg celcius,C
nos,No
v,V
amps,A
pf,PF
amps,A
hz,Hz
nos,No
amps,A
degree,C
volt,V
volts,V
deg celcius,C
v,V
amps,A
v,V
amps,A
volt,V
degree,C
hz,Hz
volts,V
pf,PF
deg celcius,C
amps,A
v,V
nos,No
deg celcius,C
nos,No
volt,V
volts,V
v,V
v,V
amps,A
amps,A
amps,A
hz,Hz
pf,PF
degree,C
volt,V
volts,V
v,V
v,V
amps,A
amps,A
volt,V
amps,A
hz,Hz
pf,PF
degree,C
deg celcius,C
nos,No
nos,No
amps,A
hz,Hz
volts,V
volt,V
amps,A
pf,PF
degree,C
v,V
amps,A
pf,PF
degree,C
deg celcius,C
v,V
v,V
nos,No
v,V
v,V
hz,Hz
degree,C
nos,No
amps,A
degree,C
volts,V
v,V
amps,A
amps,A
hz,Hz
volt,V
deg celcius,C
v,V
amps,A
amps,A
amps,A
v,V
volts,V
deg celcius,C
degree,C
volt,V
v,V
amps,A
pf,PF
amps,A
amps,A
amps,A
amps,A
hz,Hz
nos,No
volts,V
v,V
nos,No
nos,No
volts,V
amps,A
degree,C
v,V
volt,V
hz,Hz
pf,PF
deg celcius,C
amps,A
volts,V
volt,V
pf,PF
v,V
amps,A
deg celcius,C
hz,Hz
pf,PF
amps,A
deg celcius,C
hrs,Hr
deg celcius,C
v,V
kwh,Kwh
hrs,Hr
rpm,rpm
volts,V
hz,Hz
pf,PF
amps,A
amp,A
deg celcius,C
amp,A
volts,V
v,V
hrs,Hr
kpa,bar
amps,A
v,V
deg celcius,C
degree,C
v,V
hz,Hz
nos,No
volts,V
amps,A
amps,A
pf,PF
volt,V
amps,A
volts,V
amps,A
v,V
hz,Hz
volt,V
deg celcius,C
nos,No
v,V
amps,A
pf,PF
degree,C
amps,A
volt,V
volts,V
v,V
v,V
amps,A
amps,A
amps,A
hz,Hz
pf,PF
degree,C
deg celcius,C
nos,No
volt,V
v,V
v,V
amps,A
amps,A
amps,A
hz,Hz
pf,PF
degree,C
deg celcius,C
nos,No
volts,V
degree,C
volt,V
amps,A
v,V
deg celcius,C
volts,V
nos,No
deg celcius,C
amps,A
v,V
hz,Hz
amps,A
pf,PF
pf,PF
amps,A
v,V
volts,V
volt,V
nos,No
amps,A
amps,A
degree,C
hz,Hz
v,V
deg celcius,C
volts,V
degree,C
amps,A
volt,V
pf,PF
v,V
v,V
amps,A
amps,A
hz,Hz
nos,No
amps,A
degree,C
deg celcius,C
nos,No
hz,Hz
amps,A
volt,V
volts,V
v,V
v,V
amps,A
pf,PF
v,V
volt,V
nos,No
volts,V
v,V
amps,A
amps,A
amps,A
hz,Hz
pf,PF
degree,C
deg celcius,C
v,V
volt,V
nos,No
volts,V
v,V
amps,A
amps,A
amps,A
hz,Hz
pf,PF
degree,C
deg celcius,C
volt,V
volts,V
v,V
amps,A
amps,A
amps,A
pf,PF
degree,C
deg celcius,C
nos,No
v,V
hz,Hz
hz,Hz
v,V
deg celcius,C
volts,V
amps,A
v,V
degree,C
pf,PF
volt,V
amps,A
amps,A
nos,No
volt,V
volts,V
v,V
v,V
amps,A
amps,A
amps,A
hz,Hz
pf,PF
degree,C
deg celcius,C
nos,No
amps,A
volts,V
amps,A
degree,C
volt,V
v,V
v,V
amps,A
hz,Hz
pf,PF
deg celcius,C
nos,No
volts,V
v,V
amps,A
amps,A
amps,A
pf,PF
degree,C
deg celcius,C
hz,Hz
nos,No
volt,V
v,V
volt,V
volts,V
amps,A
degree,C
amps,A
amps,A
nos,No
v,V
v,V
hz,Hz
pf,PF
deg celcius,C
amps,A
liters,L
degree,C
degree,C
psi,Kg/Cm2
psi,Kg/Cm2
psi,Kg/Cm2
degree,C
degree,C
degree,C
degree,C
degree,C
degree,C
psi,Kg/Cm2
degree,C
degree,C
degree,C
degree,C
degree ,C
degree,C
degree ,C
psi,Kg/Cm2
degree,C
degree,C
degree,C
amps,A
v,V
volt,V
amps,A
amps,A
v,V
v,V
amps,A
amps,A
amps,A
pf,PF
degree,C
deg celcius,C
nos,No
volts,V
hz,Hz
volts,V
v,V
v,V
amps,A
hz,Hz
pf,PF
deg celcius,C
nos,No
volt,V
degree,C
amps,A
amps,A
hz,Hz
pf,PF
degree,C
deg celcius,C
nos,No
volt,V
amps,A
volts,V
v,V
v,V
v,V
pf,PF
deg celcius,C
volt,V
volts,V
v,V
amps,A
amps,A
amps,A
hz,Hz
degree,C
nos,No
volts,V
v,V
amps,A
amps,A
amps,A
pf,PF
degree,C
deg celcius,C
nos,No
volt,V
hz,Hz
v,V
volts,V
v,V
v,V
amps,A
amps,A
hz,Hz
pf,PF
deg celcius,C
nos,No
degree,C
volt,V
amps,A
amps,A
amps,A
amps,A
hz,Hz
pf,PF
degree,C
deg celcius,C
nos,No
volt,V
volts,V
v,V
v,V
amps,A
amps,A
hz,Hz
pf,PF
degree,C
deg celcius,C
nos,No
volt,V
volts,V
amps,A
nos,No
nos,No
pf,PF
v,V
pf,PF
pf,PF
v,V
amps,A
volts,V
degree,C
degree,C
amps,A
amps,A
amps,A
volt,V
deg celcius,C
nos,No
v,V
hz,Hz
hz,Hz
volts,V
degree,C
nos,No
deg celcius,C
hz,Hz
volt,V
amps,A
volts,V
deg celcius,C
degree,C
deg celcius,C
liters,L
degree,C
degree,C
degree,C
v,V
volt,V
pf,PF
volts,V
volts,V
amps,A
amps,A
amps,A
pf,PF
v,V
degree,C
v,V
v,V
degree,C
hz,Hz
psi,Kg/Cm2
amps,A
hz,Hz
pf,PF
amps,A
volts,V
amps,A
amps,A
amps,A
amps,A
volt,V
deg celcius,C
hz,Hz
nos,No
degree,C
degree,C
amps,A
amps,A
v,V
amps,A
v,V
v,V
pf,PF
pf,PF
degree,C
amps,A
nos,No
degree,C
amps,A
hz,Hz
amps,A
hz,Hz
v,V
volt,V
amps,A
v,V
degree,C
degree,C
v,V
amps,A
volts,V
deg celcius,C
amps,A
amps,A
degree,C
pf,PF
v,V
degree,C
v,V
v,V
v,V
volt,V
amps,A
degree,C
pf,PF
volts,V
amps,A
volt,V
amps,A
psi,Kg/Cm2
degree,C
degree,C
degree,C
psi,Kg/Cm2
degree,C
degree ,C
degree ,C
psi,Kg/Cm2
degree,C
degree,C
degree,C
psi,Kg/Cm2
amps,A
degree,C
pf,PF
kwh,Kwh
v,V
v,V
pf,PF
pf,PF
amps,A
degree,C
pf,PF
kwh,Kwh
amps,A
volts,V
deg celcius,C
amps,A
amps,A
v,V
nos,No
v,V
degree,C
deg celcius,C
amps,A
pf,PF
nos,No
v,V
volt,V
deg celcius,C
volts,V
volts,V
hrs,Hr
rpm,rpm
amps,A
deg celcius,C
amp,A
kpa,bar
amp,A
hrs,Hr
kwh,Kwh
v,V
amps,A
hrs,Hr
hz,Hz
v,V
hz,Hz
deg celcius,C
volts,V
volts,V
amps,A
degree,C
hz,Hz
amps,A
degree,C
amps,A
amps,A
pf,PF
pf,PF
volts,V
pf,PF
nos,No
v,V
deg celcius,C
degree,C
pf,PF
hz,Hz
amps,A
v,V
volt,V
amps,A
amps,A
degree,C
deg celcius,C
pf,PF
v,V
v,V
amps,A
amps,A
deg celcius,C
degree,C
deg celcius,C
volt,V
v,V
amps,A
degree,C
volt,V
v,V
v,V
nos,No
volts,V
deg celcius,C
v,V
amps,A
degree,C
amps,A
nos,No
amps,A
volts,V
nos,No
v,V
degree,C
volt,V
volt,V
v,V
v,V
pf,PF
v,V
pf,PF
v,V
hz,Hz
volt,V
amps,A
volt,V
amps,A
nos,No
amps,A
nos,No
volts,V
v,V
v,V
nos,No
degree,C
amps,A
pf,PF
volt,V
pf,PF
amps,A
hz,Hz
amps,A
v,V
deg celcius,C
hz,Hz
amps,A
amps,A
deg celcius,C
hz,Hz
v,V
volts,V
amps,A
v,V
hz,Hz
amps,A
nos,No
amps,A
volts,V
nos,No
volt,V
deg celcius,C
hz,Hz
deg celcius,C
hz,Hz
pf,PF
amps,A
v,V
v,V
volts,V
volt,V
amps,A
nos,No
amps,A
degree,C
hz,Hz
v,V
amps,A
deg celcius,C
degree,C
volt,V
volts,V
v,V
amps,A
amps,A
pf,PF
nos,No
volts,V
degree,C
amps,A
v,V
pf,PF
volt,V
amps,A
hz,Hz
amps,A
deg celcius,C
v,V
nos,No
amps,A
amps,A
nos,No
amps,A
degree,C
pf,PF
deg celcius,C
v,V
hz,Hz
volts,V
volt,V
v,V
amps,A
amps,A
pf,PF
hz,Hz
v,V
deg celcius,C
degree,C
volt,V
volts,V
nos,No
v,V
amps,A
amps,A
v,V
amps,A
deg celcius,C
v,V
degree,C
pf,PF
amps,A
volts,V
volt,V
pf,PF
hz,Hz
volt,V
volts,V
nos,No
amps,A
v,V
volts,V
deg celcius,C
deg celcius,C
degree,C
volt,V
amps,A
v,V
v,V
nos,No
amps,A
hz,Hz
amps,A
nos,No
amps,A
v,V
degree,C
amps,A
hz,Hz
pf,PF
pf,PF
amps,A
deg celcius,C
v,V
nos,No
v,V
amps,A
degree,C
volts,V
hz,Hz
amps,A
volt,V
volt,V
deg celcius,C
amps,A
nos,No
v,V
amps,A
hz,Hz
volts,V
degree,C
v,V
amps,A
pf,PF
v,V
volt,V
volts,V
v,V
nos,No
deg celcius,C
degree,C
amps,A
amps,A
pf,PF
amps,A
hz,Hz
nos,No
pf,PF
v,V
degree,C
amps,A
v,V
volt,V
amps,A
amps,A
volts,V
deg celcius,C
hz,Hz
v,V
nos,No
volt,V
hz,Hz
degree,C
amps,A
v,V
deg celcius,C
amps,A
amps,A
pf,PF
volts,V
amps,A
amps,A
degree,C
hz,Hz
v,V
volt,V
deg celcius,C
pf,PF
volts,V
nos,No
amps,A
v,V
amps,A
nos,No
pf,PF
degree,C
pf,PF
degree,C
nos,No
kwh,Kwh
v,V
v,V
pf,PF
volts,V
hrs,Hr
pf,PF
deg celcius,C
volt,V
hz,Hz
v,V
amps,A
degree,C
hz,Hz
amps,A
v,V
amps,A
v,V
amps,A
hz,Hz
hz,Hz
deg celcius,C
amps,A
hrs,Hr
deg celcius,C
hrs,Hr
amps,A
amps,A
v,V
nos,No
volt,V
amps,A
v,V
hz,Hz
amps,A
hz,Hz
volt,V
deg celcius,C
pf,PF
deg celcius,C
nos,No
deg celcius,C
deg celcius,C
kpa,bar
volt,V
volts,V
amps,A
kpa,bar
amps,A
hz,Hz
nos,No
volts,V
amps,A
kwh,Kwh
degree,C
amps,A
volts,V
v,V
hz,Hz
volts,V
volts,V
v,V
v,V
amps,A
volt,V
volt,V
volts,V
amps,A
amps,A
amp,A
amp,A
nos,No
pf,PF
deg celcius,C
amps,A
deg celcius,C
amps,A
volts,V
amps,A
v,V
amp,A
volts,V
v,V
volts,V
degree,C
v,V
amps,A
degree,C
volts,V
pf,PF
v,V
amps,A
volt,V
hrs,Hr
v,V
deg celcius,C
hrs,Hr
hz,Hz
rpm,rpm
v,V
v,V
amps,A
nos,No
amps,A
hrs,Hr
deg celcius,C
amps,A
v,V
rpm,rpm
degree,C
pf,PF
pf,PF
amp,A
v,V
nos,No
degree,C
v,V
volt,V
amps,A
pf,PF
amps,A
volts,V
amps,A
hz,Hz
deg celcius,C
amps,A
v,V
deg celcius,C
volts,V
amps,A
v,V
volt,V
nos,No
hz,Hz
pf,PF
degree,C
amps,A
volt,V
volts,V
v,V
v,V
amps,A
amps,A
amps,A
hz,Hz
pf,PF
degree,C
deg celcius,C
nos,No
volt,V
volts,V
v,V
v,V
amps,A
amps,A
amps,A
hz,Hz
pf,PF
degree,C
deg celcius,C
nos,No
volts,V
v,V
v,V
amps,A
amps,A
hz,Hz
degree,C
deg celcius,C
nos,No
amps,A
volt,V
pf,PF
degree,C
v,V
volt,V
amps,A
v,V
amps,A
deg celcius,C
amps,A
nos,No
hz,Hz
pf,PF
volts,V
v,V
pf,PF
amps,A
hz,Hz
degree,C
deg celcius,C
amps,A
nos,No
volts,V
amps,A
volt,V
v,V
amps,A
pf,PF
v,V
deg celcius,C
volt,V
degree,C
nos,No
hz,Hz
v,V
volts,V
amps,A
amps,A
volt,V
deg celcius,C
amps,A
degree,C
pf,PF
volts,V
v,V
v,V
hz,Hz
amps,A
amps,A
nos,No
v,V
volts,V
degree,C
hz,Hz
amps,A
deg celcius,C
v,V
nos,No
volt,V
amps,A
amps,A
pf,PF
degree,C
deg celcius,C
pf,PF
amps,A
v,V
v,V
volt,V
volts,V
hz,Hz
amps,A
amps,A
nos,No
pf,PF
amps,A
nos,No
hz,Hz
volt,V
amps,A
amps,A
degree,C
volts,V
v,V
psi,Kg/Cm2
deg celcius,C
degree,C
degree,C
v,V
deg celcius,C
amps,A
v,V
v,V
nos,No
amps,A
amps,A
amps,A
v,V
amps,A
hz,Hz
degree,C
hz,Hz
pf,PF
degree,C
amps,A
amps,A
volts,V
degree ,C
degree,C
degree,C
degree,C
liters,L
degree,C
deg celcius,C
volt,V
pf,PF
degree,C
degree,C
degree,C
degree,C
volts,V
degree,C
degree ,C
nos,No
degree,C
degree,C
psi,Kg/Cm2
v,V
volt,V
psi,Kg/Cm2
degree,C
amps,A
psi,Kg/Cm2
degree,C
psi,Kg/Cm2
degree,C
volt,V
deg celcius,C
nos,No
amps,A
amps,A
hz,Hz
pf,PF
degree,C
amps,A
volts,V
v,V
v,V
v,V
volt,V
v,V
amps,A
degree,C
amps,A
amps,A
deg celcius,C
volts,V
pf,PF
nos,No
hz,Hz
deg celcius,C
pf,PF
amps,A
hz,Hz
v,V
volt,V
nos,No
volts,V
amps,A
v,V
amps,A
degree,C
liters,L
psi,Kg/Cm2
degree,C
degree,C
amps,A
degree,C
degree ,C
psi,Kg/Cm2
degree,C
psi,Kg/Cm2
degree,C
degree,C
degree,C
psi,Kg/Cm2
degree,C
degree,C
degree ,C
psi,Kg/Cm2
degree,C
degree,C
degree,C
amps,A
degree,C
degree,C
degree,C
degree,C
v,V
kwh,Kwh
kwh,Kwh
kwh,Kwh
v,V
v,V
amps,A
kwh,Kwh
amps,A
nos,No
hz,Hz
v,V
amps,A
v,V
volts,V
amps,A
hz,Hz
nos,No
degree,C
amps,A
pf,PF
volt,V
deg celcius,C
amps,A
degree,C
deg celcius,C
volt,V
v,V
nos,No
amps,A
amps,A
v,V
pf,PF
volts,V
hz,Hz
nos,No
amps,A
hz,Hz
amps,A
deg celcius,C
volts,V
v,V
v,V
pf,PF
degree,C
amps,A
volt,V
volts,V
volt,V
pf,PF
amps,A
hz,Hz
amps,A
v,V
deg celcius,C
degree,C
nos,No
v,V
amps,A
amps,A
v,V
v,V
amps,A
hz,Hz
volt,V
volts,V
deg celcius,C
amps,A
pf,PF
degree,C
nos,No
v,V
hz,Hz
nos,No
amps,A
degree,C
volt,V
deg celcius,C
amps,A
volts,V
amps,A
pf,PF
v,V
v,V
volt,V
amps,A
amps,A
volts,V
deg celcius,C
amps,A
degree,C
pf,PF
degree,C
v,V
v,V
hz,Hz
nos,No
hz,Hz
nos,No
hz,Hz
degree,C
degree,C
volt,V
pf,PF
nos,No
volt,V
v,V
hz,Hz
volts,V
v,V
amps,A
deg celcius,C
degree,C
v,V
nos,No
amps,A
deg celcius,C
hz,Hz
degree,C
volts,V
amps,A
nos,No
amps,A
v,V
amps,A
nos,No
deg celcius,C
amps,A
hz,Hz
volts,V
volt,V
v,V
amps,A
pf,PF
v,V
amps,A
v,V
v,V
amps,A
amps,A
pf,PF
volts,V
amps,A
pf,PF
deg celcius,C
volt,V
amps,A
deg celcius,C
volts,V
pf,PF
amps,A
volt,V
amps,A
v,V
amps,A
kwh,Kwh
degree,C
degree,C
amps,A
degree,C
degree,C
degree,C
psi,Kg/Cm2
degree,C
degree ,C
liters,L
degree,C
degree,C
psi,Kg/Cm2
psi,Kg/Cm2
psi,Kg/Cm2
degree,C
degree,C
degree ,C
amps,A
degree,C
degree,C
degree,C
psi,Kg/Cm2
degree,C
degree,C
degree,C
degree,C
degree,C
amps,A
v,V
volt,V
nos,No
v,V
volts,V
degree,C
amps,A
hz,Hz
deg celcius,C
pf,PF
amps,A
nos,No
volts,V
volt,V
v,V
pf,PF
deg celcius,C
v,V
degree,C
hz,Hz
amps,A
amps,A
amps,A
v,V
deg celcius,C
amps,A
hz,Hz
volts,V
amps,A
volt,V
pf,PF
degree,C
amps,A
nos,No
v,V
v,V
v,V
amps,A
deg celcius,C
volt,V
degree,C
degree,C
v,V
hz,Hz
amps,A
v,V
amps,A
volt,V
pf,PF
amps,A
amps,A
amps,A
nos,No
pf,PF
pf,PF
amps,A
degree,C
degree,C
volts,V
deg celcius,C
hz,Hz
amps,A
amps,A
v,V
v,V
volt,V
hz,Hz
amps,A
v,V
amps,A
degree,C
deg celcius,C
hz,Hz
v,V
pf,PF
deg celcius,C
hz,Hz
volts,V
degree,C
volts,V
pf,PF
v,V
nos,No
amps,A
nos,No
degree,C
nos,No
kwh,Kwh
kwh,Kwh
kwh,Kwh
pf,PF
v,V
v,V
nos,No
v,V
amps,A
v,V
kwh,Kwh
amps,A
pf,PF
nos,No
pf,PF
degree,C
hz,Hz
amps,A
volt,V
pf,PF
volts,V
amps,A
v,V
amps,A
volt,V
volts,V
v,V
deg celcius,C
amps,A
volt,V
volts,V
v,V
v,V
amps,A
amps,A
amps,A
hz,Hz
pf,PF
degree,C
deg celcius,C
nos,No
degree,C
deg celcius,C
nos,No
volt,V
volts,V
v,V
v,V
amps,A
amps,A
amps,A
hz,Hz
pf,PF
kwh,Kwh
deg celcius,C
v,V
nos,No
volt,V
amps,A
hz,Hz
volts,V
pf,PF
v,V
amps,A
amps,A
degree,C
amps,A
deg celcius,C
pf,PF
nos,No
volts,V
v,V
hz,Hz
degree,C
amps,A
amps,A
volt,V
v,V
amps,A
volts,V
v,V
degree,C
amps,A
deg celcius,C
hz,Hz
amps,A
pf,PF
nos,No
hz,Hz
v,V
amps,A
volt,V
degree,C
amps,A
pf,PF
nos,No
v,V
nos,No
v,V
pf,PF
amps,A
hz,Hz
kwh,Kwh
amps,A
pf,PF
volt,V
degree,C
volts,V
degree,C
v,V
nos,No
deg celcius,C
degree,C
amps,A
pf,PF
amps,A
v,V
pf,PF
v,V
v,V
pf,PF
hz,Hz
amps,A
volts,V
deg celcius,C
amps,A
volt,V
amps,A
nos,No
degree,C
pf,PF
v,V
nos,No
amps,A
hz,Hz
deg celcius,C
volt,V
volts,V
amps,A
amps,A
v,V
degree,C
degree,C
kwh,Kwh
v,V
nos,No
hz,Hz
pf,PF
volt,V
deg celcius,C
v,V
amps,A
amps,A
volts,V
degree,C
amps,A
amps,A
degree,C
deg celcius,C
v,V
amps,A
amps,A
pf,PF
volt,V
volts,V
v,V
nos,No
hz,Hz
amps,A
volts,V
hz,Hz
amps,A
degree,C
pf,PF
deg celcius,C
amps,A
v,V
nos,No
v,V
volt,V
v,V
volt,V
amps,A
amps,A
pf,PF
hz,Hz
degree,C
nos,No
nos,No
amps,A
amps,A
amps,A
nos,No
v,V
kwh,Kwh
amps,A
v,V
kwh,Kwh
nos,No
hz,Hz
nos,No
v,V
degree,C
pf,PF
pf,PF
volts,V
kwh,Kwh
v,V
degree,C
kwh,Kwh
amps,A
deg celcius,C
kwh,Kwh
volt,V
volts,V
pf,PF
v,V
degree,C
v,V
degree,C
deg celcius,C
kwh,Kwh
hz,Hz
v,V
pf,PF
pf,PF
kwh,Kwh
amps,A
v,V
nos,No
v,V
hz,Hz
degree,C
v,V
nos,No
amps,A
v,V
degree,C
hz,Hz
v,V
v,V
pf,PF
amps,A
kwh,Kwh
amps,A
amps,A
amps,A
deg celcius,C
nos,No
amps,A
kwh,Kwh
degree,C
deg celcius,C
degree,C
kwh,Kwh
pf,PF
volt,V
degree,C
v,V
degree,C
kwh,Kwh
pf,PF
degree,C
v,V
nos,No
v,V
kwh,Kwh
volt,V
volts,V
kwh,Kwh
amps,A
degree,C
amps,A
pf,PF
kwh,Kwh
hz,Hz
pf,PF
pf,PF
pf,PF
amps,A
amps,A
pf,PF
kwh,Kwh
pf,PF
degree,C
pf,PF
degree,C
amps,A
v,V
amps,A
nos,No
amps,A
deg celcius,C
amps,A
amps,A
amps,A
amps,A
kwh,Kwh
v,V
volts,V
v,V
pf,PF
degree,C
v,V
hz,Hz
nos,No
pf,PF
kwh,Kwh
pf,PF
amps,A
amps,A
amps,A
pf,PF
amps,A
pf,PF
kwh,Kwh
nos,No
amps,A
pf,PF
v,V
kwh,Kwh
amps,A
amps,A
pf,PF
pf,PF
kwh,Kwh
kwh,Kwh
volts,V
nos,No
amps,A
pf,PF
nos,No
v,V
nos,No
kwh,Kwh
degree,C
pf,PF
kwh,Kwh
nos,No
kwh,Kwh
degree,C
kwh,Kwh
amps,A
kwh,Kwh
kwh,Kwh
pf,PF
pf,PF
amps,A
nos,No
pf,PF
nos,No
hz,Hz
v,V
hz,Hz
kwh,Kwh
pf,PF
kwh,Kwh
degree,C
amps,A
amps,A
volt,V
v,V
nos,No
v,V
amps,A
hz,Hz
degree,C
amps,A
pf,PF
v,V
v,V
nos,No
pf,PF
kwh,Kwh
degree,C
v,V
amps,A
amps,A
amps,A
hz,Hz
pf,PF
degree,C
v,V
deg celcius,C
amps,A
volt,V
v,V
nos,No
volts,V
hz,Hz
pf,PF
deg celcius,C
nos,No
degree,C
volts,V
v,V
amps,A
v,V
volt,V
amps,A
amps,A
degree,C
amps,A
pf,PF
volt,V
v,V
v,V
volts,V
deg celcius,C
amps,A
amps,A
nos,No
hz,Hz
deg celcius,C
hz,Hz
volts,V
nos,No
pf,PF
degree,C
volt,V
amps,A
v,V
amps,A
v,V
amps,A
kwh,Kwh
amps,A
pf,PF
degree,C
amps,A
nos,No
pf,PF
amps,A
v,V
degree,C
kwh,Kwh
kwh,Kwh
pf,PF
v,V
degree,C
volts,V
v,V
v,V
degree ,C
hz,Hz
volts,V
degree,C
v,V
v,V
psi,Kg/Cm2
amps,A
kwh,Kwh
v,V
volt,V
degree,C
amps,A
degree,C
amps,A
degree,C
degree,C
degree,C
amps,A
pf,PF
nos,No
psi,Kg/Cm2
deg celcius,C
amps,A
kwh,Kwh
amps,A
degree,C
degree,C
pf,PF
volt,V
v,V
liters,L
v,V
nos,No
deg celcius,C
psi,Kg/Cm2
pf,PF
amps,A
pf,PF
deg celcius,C
volts,V
degree,C
degree,C
degree,C
hz,Hz
amps,A
amps,A
nos,No
hz,Hz
degree,C
degree,C
volt,V
amps,A
amps,A
amps,A
amps,A
hz,Hz
amps,A
amps,A
degree,C
degree,C
psi,Kg/Cm2
degree,C
pf,PF
degree ,C
degree,C
degree,C
degree,C
degree,C
psi,Kg/Cm2
nos,No
v,V
pf,PF
v,V
pf,PF
pf,PF
kwh,Kwh
kwh,Kwh
amps,A
kwh,Kwh
pf,PF
v,V
hz,Hz
kwh,Kwh
kwh,Kwh
amps,A
kwh,Kwh
kwh,Kwh
nos,No
amps,A
pf,PF
nos,No
degree,C
kwh,Kwh
amps,A
amps,A
kwh,Kwh
v,V
hz,Hz
amps,A
v,V
pf,PF
v,V
v,V
kwh,Kwh
pf,PF
amps,A
pf,PF
pf,PF
amps,A
degree,C
degree,C
degree,C
kwh,Kwh
kwh,Kwh
amps,A
pf,PF
v,V
kwh,Kwh
v,V
kwh,Kwh
amps,A
amps,A
v,V
hz,Hz
v,V
amps,A
degree,C
volts,V
deg celcius,C
nos,No
pf,PF
amps,A
volt,V
v,V
degree,C
v,V
v,V
degree,C
amps,A
amps,A
hz,Hz
pf,PF
v,V
amps,A
amps,A
volt,V
deg celcius,C
amps,A
volts,V
nos,No
hz,Hz
v,V
kwh,Kwh
pf,PF
kwh,Kwh
pf,PF
amps,A
pf,PF
amps,A
deg celcius,C
v,V
hz,Hz
amps,A
v,V
kwh,Kwh
v,V
volts,V
nos,No
kwh,Kwh
pf,PF
nos,No
volt,V
amps,A
degree,C
pf,PF
pf,PF
degree,C
amps,A
degree,C
nos,No
kwh,Kwh
hz,Hz
pf,PF
amps,A
kwh,Kwh
amps,A
pf,PF
kwh,Kwh
amps,A
degree,C
v,V
v,V
nos,No
amps,A
pf,PF
degree,C
v,V
kwh,Kwh
amps,A
amps,A
pf,PF
pf,PF
degree,C
kwh,Kwh
kwh,Kwh
nos,No
kwh,Kwh
kwh,Kwh
pf,PF
amps,A
pf,PF
v,V
degree,C
v,V
hz,Hz
pf,PF
v,V
kwh,Kwh
kwh,Kwh
amps,A
pf,PF
amps,A
pf,PF
degree,C
amps,A
nos,No
pf,PF
v,V
pf,PF
amps,A
v,V
degree,C
degree,C
degree,C
pf,PF
amps,A
v,V
hz,Hz
pf,PF
v,V
amps,A
hz,Hz
degree,C
nos,No
kwh,Kwh
kwh,Kwh
degree,C
kwh,Kwh
kwh,Kwh
amps,A
kwh,Kwh
pf,PF
amps,A
pf,PF
kwh,Kwh
amps,A
kwh,Kwh
amps,A
pf,PF
amps,A
degree,C
v,V
kwh,Kwh
amps,A
v,V
pf,PF
kwh,Kwh
amps,A
kwh,Kwh
degree,C
pf,PF
kwh,Kwh
degree,C
pf,PF
kwh,Kwh
kwh,Kwh
pf,PF
v,V
pf,PF
degree,C
amps,A
v,V
v,V
kwh,Kwh
kwh,Kwh
kwh,Kwh
amps,A
pf,PF
amps,A
nos,No
amps,A
v,V
pf,PF
volts,V
amps,A
hz,Hz
deg celcius,C
degree,C
v,V
volt,V
amps,A
degree,C
kwh,Kwh
amps,A
volts,V
degree,C
hz,Hz
deg celcius,C
v,V
volt,V
nos,No
v,V
amps,A
amps,A
pf,PF
kwh,Kwh
amps,A
kwh,Kwh
amps,A
degree,C
pf,PF
degree,C
kwh,Kwh
kwh,Kwh
pf,PF
pf,PF
amps,A
pf,PF
nos,No
amps,A
pf,PF
nos,No
amps,A
v,V
v,V
kwh,Kwh
amps,A
pf,PF
amps,A
kwh,Kwh
amps,A
kwh,Kwh
kwh,Kwh
amps,A
amps,A
amps,A
v,V
pf,PF
pf,PF
nos,No
amps,A
v,V
hz,Hz
pf,PF
nos,No
v,V
v,V
v,V
pf,PF
v,V
amps,A
amps,A
pf,PF
degree,C
degree,C
kwh,Kwh
pf,PF
amps,A
pf,PF
pf,PF
kwh,Kwh
v,V
kwh,Kwh
pf,PF
kwh,Kwh
pf,PF
pf,PF
kwh,Kwh
hz,Hz
kwh,Kwh
degree,C
degree,C
nos,No
kwh,Kwh
degree,C
v,V
hz,Hz
deg celcius,C
pf,PF
volts,V
hz,Hz
amps,A
v,V
kwh,Kwh
kwh,Kwh
kwh,Kwh
amps,A
kwh,Kwh
v,V
v,V
hz,Hz
kwh,Kwh
amps,A
degree,C
amps,A
v,V
nos,No
volt,V
degree,C
nos,No
amps,A
kwh,Kwh
amps,A
amps,A
amps,A
amps,A
v,V
hz,Hz
pf,PF
hz,Hz
hz,Hz
kwh,Kwh
kwh,Kwh
amps,A
v,V
kwh,Kwh
kwh,Kwh
amps,A
pf,PF
pf,PF
v,V
degree,C
amps,A
amps,A
pf,PF
nos,No
pf,PF
pf,PF
v,V
hz,Hz
kwh,Kwh
amps,A
v,V
kwh,Kwh
amps,A
nos,No
amps,A
deg celcius,C
v,V
volts,V
volt,V
amps,A
hz,Hz
degree,C
v,V
pf,PF
amps,A
v,V
pf,PF
amps,A
v,V
degree,C
v,V
kwh,Kwh
amps,A
v,V
nos,No
pf,PF
degree,C
amps,A
hz,Hz
pf,PF
kwh,Kwh
nos,No
kwh,Kwh
amps,A
degree ,C
degree,C
psi,Kg/Cm2
amps,A
degree,C
liters,L
psi,Kg/Cm2
degree,C
kwh,Kwh
degree,C
degree,C
kwh,Kwh
degree,C
degree,C
psi,Kg/Cm2
degree,C
degree,C
hz,Hz
degree,C
degree ,C
degree,C
degree,C
psi,Kg/Cm2
degree,C
pf,PF
pf,PF
degree,C
v,V
v,V
degree,C
degree,C
degree,C
degree,C
v,V
amps,A
volt,V
amps,A
amps,A
psi,Kg/Cm2
amps,A
v,V
kwh,Kwh
pf,PF
degree,C
deg celcius,C
amps,A
nos,No
v,V
amps,A
volts,V
v,V
amps,A
hz,Hz
pf,PF
v,V
amps,A
kwh,Kwh
kwh,Kwh
amps,A
pf,PF
amps,A
amps,A
v,V
kwh,Kwh
kwh,Kwh
degree,C
nos,No
nos,No
degree,C
pf,PF
amps,A
amps,A
hz,Hz
degree,C
pf,PF
volts,V
nos,No
volt,V
amps,A
hz,Hz
v,V
amps,A
degree,C
degree,C
deg celcius,C
pf,PF
v,V
kwh,Kwh
degree,C
nos,No
kwh,Kwh
degree,C
degree,C
v,V
pf,PF
amps,A
kwh,Kwh
nos,No
v,V
pf,PF
v,V
kwh,Kwh
deg celcius,C
v,V
v,V
volt,V
hz,Hz
degree,C
amps,A
pf,PF
volts,V
amps,A
nos,No
amps,A
amps,A
pf,PF
kwh,Kwh
amps,A
degree,C
amps,A
kwh,Kwh
degree,C
nos,No
degree,C
v,V
kwh,Kwh
pf,PF
kwh,Kwh
amps,A
v,V
hz,Hz
degree,C
pf,PF
amps,A
pf,PF
hz,Hz
degree,C
nos,No
volts,V
amps,A
pf,PF
amps,A
amps,A
volt,V
v,V
v,V
deg celcius,C
amps,A
amps,A
v,V
degree,C
hz,Hz
pf,PF
volts,V
volt,V
kwh,Kwh
kwh,Kwh
kwh,Kwh
deg celcius,C
pf,PF
kwh,Kwh
amps,A
degree,C
v,V
amps,A
pf,PF
v,V
amps,A
v,V
pf,PF
kwh,Kwh
pf,PF
nos,No
pf,PF
kwh,Kwh
kwh,Kwh
pf,PF
pf,PF
degree,C
pf,PF
v,V
pf,PF
degree,C
pf,PF
degree,C
v,V
pf,PF
kwh,Kwh
v,V
v,V
nos,No
nos,No
nos,No
degree,C
amps,A
amps,A
degree,C
pf,PF
amps,A
amps,A
v,V
amps,A
pf,PF
hz,Hz
kwh,Kwh
kwh,Kwh
nos,No
degree,C
pf,PF
v,V
pf,PF
amps,A
hz,Hz
amps,A
amps,A
pf,PF
degree,C
nos,No
kwh,Kwh
kwh,Kwh
pf,PF
v,V
amps,A
kwh,Kwh
amps,A
kwh,Kwh
amps,A
pf,PF
degree,C
degree,C
kwh,Kwh
kwh,Kwh
nos,No
degree,C
degree,C
amps,A
nos,No
kwh,Kwh
kwh,Kwh
amps,A
kwh,Kwh
kwh,Kwh
degree,C
pf,PF
pf,PF
nos,No
amps,A
pf,PF
amps,A
v,V
degree,C
pf,PF
kwh,Kwh
amps,A
degree,C
nos,No
kwh,Kwh
pf,PF
v,V
degree,C
volts,V
deg celcius,C
amps,A
nos,No
v,V
pf,PF
amps,A
amps,A
volt,V
v,V
hz,Hz
kwh,Kwh
v,V
amps,A
pf,PF
pf,PF
kwh,Kwh
degree,C
pf,PF
nos,No
kwh,Kwh
degree,C
pf,PF
nos,No
kwh,Kwh
pf,PF
kwh,Kwh
amps,A
amps,A
amps,A
pf,PF
pf,PF
pf,PF
amps,A
kwh,Kwh
pf,PF
pf,PF
kwh,Kwh
amps,A
kwh,Kwh
amps,A
v,V
v,V
hz,Hz
amps,A
pf,PF
degree,C
kwh,Kwh
v,V
pf,PF
degree,C
kwh,Kwh
degree,C
amps,A
pf,PF
kwh,Kwh
pf,PF
amps,A
pf,PF
pf,PF
pf,PF
pf,PF
kwh,Kwh
degree,C
v,V
amps,A
kwh,Kwh
kwh,Kwh
pf,PF
v,V
nos,No
degree,C
amps,A
degree,C
pf,PF
v,V
amps,A
kwh,Kwh
amps,A
pf,PF
degree,C
amps,A
hz,Hz
nos,No
degree,C
kwh,Kwh
deg celcius,C
amps,A
kwh,Kwh
kwh,Kwh
amps,A
pf,PF
nos,No
kwh,Kwh
kwh,Kwh
degree,C
kwh,Kwh
pf,PF
kwh,Kwh
v,V
degree,C
volt,V
pf,PF
pf,PF
v,V
amps,A
v,V
kwh,Kwh
amps,A
kwh,Kwh
amps,A
v,V
kwh,Kwh
kwh,Kwh
pf,PF
degree,C
degree,C
pf,PF
pf,PF
nos,No
pf,PF
v,V
amps,A
kwh,Kwh
hz,Hz
amps,A
kwh,Kwh
degree,C
kwh,Kwh
degree,C
nos,No
amps,A
amps,A
amps,A
volts,V
v,V
amps,A
v,V
hz,Hz
amps,A
pf,PF
degree,C
kwh,Kwh
amps,A
kwh,Kwh
kwh,Kwh
pf,PF
pf,PF
amps,A
amps,A
v,V
degree,C
pf,PF
kwh,Kwh
v,V
degree,C
pf,PF
amps,A
kwh,Kwh
nos,No
v,V
amps,A
pf,PF
v,V
kwh,Kwh
pf,PF
kwh,Kwh
amps,A
v,V
amps,A
pf,PF
kwh,Kwh
v,V
amps,A
hz,Hz
kwh,Kwh
kwh,Kwh
degree,C
degree,C
kwh,Kwh
kwh,Kwh
amps,A
amps,A
amps,A
v,V
pf,PF
amps,A
pf,PF
pf,PF
v,V
v,V
degree,C
degree,C
nos,No
hz,Hz
nos,No
pf,PF
nos,No
degree,C
kwh,Kwh
amps,A
kwh,Kwh
v,V
pf,PF
v,V
hz,Hz
degree,C
kwh,Kwh
kwh,Kwh
nos,No
pf,PF
v,V
kwh,Kwh
kwh,Kwh
kwh,Kwh
amps,A
kwh,Kwh
amps,A
pf,PF
pf,PF
amps,A
v,V
hz,Hz
amps,A
v,V
pf,PF
nos,No
pf,PF
degree,C
amps,A
amps,A
nos,No
kwh,Kwh
degree,C
pf,PF
degree,C
kwh,Kwh
pf,PF
kwh,Kwh
degree,C
v,V
degree,C
degree,C
pf,PF
amps,A
v,V
kwh,Kwh
amps,A
kwh,Kwh
degree,C
degree,C
pf,PF
v,V
amps,A
pf,PF
kwh,Kwh
hz,Hz
nos,No
kwh,Kwh
kwh,Kwh
amps,A
kwh,Kwh
hz,Hz
degree,C
kwh,Kwh
pf,PF
degree,C
degree,C
kwh,Kwh
nos,No
amps,A
degree,C
kwh,Kwh
pf,PF
v,V
pf,PF
amps,A
nos,No
degree,C
kwh,Kwh
amps,A
degree,C
nos,No
amps,A
deg celcius,C
amps,A
v,V
pf,PF
degree,C
degree,C
degree,C
pf,PF
pf,PF
kwh,Kwh
amps,A
amps,A
amps,A
kwh,Kwh
pf,PF
pf,PF
kwh,Kwh
pf,PF
v,V
v,V
degree,C
nos,No
amps,A
hz,Hz
kwh,Kwh
degree,C
amps,A
pf,PF
kwh,Kwh
v,V
volts,V
degree,C
degree,C
amps,A
pf,PF
kwh,Kwh
kwh,Kwh
kwh,Kwh
pf,PF
pf,PF
v,V
pf,PF
hz,Hz
kwh,Kwh
pf,PF
pf,PF
kwh,Kwh
kwh,Kwh
amps,A
amps,A
kwh,Kwh
kwh,Kwh
nos,No
amps,A
v,V
amps,A
pf,PF
volt,V
nos,No
degree,C
kwh,Kwh
amps,A
nos,No
v,V
nos,No
amps,A
v,V
kwh,Kwh
v,V
kwh,Kwh
kwh,Kwh
nos,No
degree,C
nos,No
pf,PF
amps,A
v,V
pf,PF
v,V
pf,PF
degree,C
nos,No
pf,PF
kwh,Kwh
kwh,Kwh
degree,C
kwh,Kwh
amps,A
v,V
v,V
amps,A
kwh,Kwh
kwh,Kwh
pf,PF
pf,PF
kwh,Kwh
v,V
amps,A
pf,PF
nos,No
pf,PF
pf,PF
amps,A
v,V
v,V
kwh,Kwh
amps,A
v,V
degree,C
amps,A
kwh,Kwh
kwh,Kwh
v,V
pf,PF
kwh,Kwh
pf,PF
pf,PF
kwh,Kwh
amps,A
degree,C
kwh,Kwh
amps,A
pf,PF
amps,A
kwh,Kwh
pf,PF
pf,PF
nos,No
pf,PF
kwh,Kwh
pf,PF
degree,C
amps,A
pf,PF
pf,PF
pf,PF
pf,PF
degree,C
kwh,Kwh
amps,A
degree,C
degree,C
amps,A
kwh,Kwh
kwh,Kwh
amps,A
amps,A
pf,PF
amps,A
kwh,Kwh
pf,PF
amps,A
nos,No
amps,A
amps,A
degree,C
pf,PF
v,V
amps,A
pf,PF
degree,C
amps,A
amps,A
v,V
kwh,Kwh
kwh,Kwh
v,V
v,V
kwh,Kwh
pf,PF
pf,PF
kwh,Kwh
degree,C
v,V
degree,C
pf,PF
amps,A
degree,C
pf,PF
pf,PF
degree,C
nos,No
kwh,Kwh
v,V
amps,A
pf,PF
kwh,Kwh
kwh,Kwh
amps,A
pf,PF
pf,PF
pf,PF
v,V
pf,PF
hz,Hz
nos,No
amps,A
pf,PF
kwh,Kwh
amps,A
amps,A
kwh,Kwh
amps,A
v,V
amps,A
amps,A
degree,C
amps,A
pf,PF
degree,C
nos,No
kwh,Kwh
v,V
nos,No
v,V
v,V
degree,C
kwh,Kwh
kwh,Kwh
v,V
hz,Hz
amps,A
pf,PF
pf,PF
kwh,Kwh
pf,PF
pf,PF
kwh,Kwh
hz,Hz
hz,Hz
nos,No
nos,No
pf,PF
amps,A
degree,C
v,V
amps,A
kwh,Kwh
v,V
amps,A
pf,PF
v,V
pf,PF
pf,PF
kwh,Kwh
amps,A
pf,PF
degree,C
kwh,Kwh
amps,A
amps,A
pf,PF
amps,A
amps,A
v,V
amps,A
amps,A
v,V
amps,A
pf,PF
kwh,Kwh
hz,Hz
pf,PF
degree,C
v,V
amps,A
pf,PF
v,V
pf,PF
amps,A
pf,PF
amps,A
pf,PF
amps,A
nos,No
pf,PF
amps,A
hz,Hz
amps,A
kwh,Kwh
v,V
kwh,Kwh
kwh,Kwh
kwh,Kwh
amps,A
degree,C
pf,PF
nos,No
pf,PF
degree,C
kwh,Kwh
kwh,Kwh
amps,A
degree,C
degree,C
amps,A
kwh,Kwh
amps,A
degree,C
kwh,Kwh
kwh,Kwh
v,V
hz,Hz
kwh,Kwh
kwh,Kwh
v,V
hz,Hz
kwh,Kwh
pf,PF
v,V
nos,No
kwh,Kwh
amps,A
amps,A
pf,PF
amps,A
pf,PF
pf,PF
amps,A
pf,PF
nos,No
kwh,Kwh
pf,PF
pf,PF
degree,C
amps,A
pf,PF
pf,PF
amps,A
pf,PF
kwh,Kwh
kwh,Kwh
amps,A
pf,PF
nos,No
pf,PF
v,V
amps,A
pf,PF
kwh,Kwh
degree,C
degree,C
v,V
hz,Hz
kwh,Kwh
amps,A
pf,PF
pf,PF
amps,A
pf,PF
pf,PF
pf,PF
amps,A
kwh,Kwh
nos,No
kwh,Kwh
kwh,Kwh
pf,PF
kwh,Kwh
volts,V
deg celcius,C
nos,No
hz,Hz
degree,C
v,V
amps,A
volt,V
pf,PF
amps,A
v,V
amps,A
pf,PF
v,V
amps,A
kwh,Kwh
amps,A
kwh,Kwh
nos,No
pf,PF
v,V
amps,A
amps,A
pf,PF
amps,A
degree,C
kwh,Kwh
v,V
pf,PF
nos,No
kwh,Kwh
degree,C
degree,C
kwh,Kwh
kwh,Kwh
amps,A
pf,PF
kwh,Kwh
amps,A
kwh,Kwh
degree,C
v,V
pf,PF
kwh,Kwh
pf,PF
v,V
amps,A
degree,C
pf,PF
kwh,Kwh
kwh,Kwh
amps,A
pf,PF
pf,PF
kwh,Kwh
amps,A
degree,C
v,V
amps,A
pf,PF
pf,PF
kwh,Kwh
pf,PF
kwh,Kwh
kwh,Kwh
amps,A
amps,A
amps,A
pf,PF
kwh,Kwh
pf,PF
degree,C
pf,PF
amps,A
v,V
kwh,Kwh
kwh,Kwh
pf,PF
kwh,Kwh
v,V
degree,C
kwh,Kwh
amps,A
amps,A
v,V
amps,A
pf,PF
kwh,Kwh
amps,A
degree,C
amps,A
amps,A
amps,A
hz,Hz
kwh,Kwh
kwh,Kwh
amps,A
v,V
kwh,Kwh
nos,No
v,V
pf,PF
hz,Hz
pf,PF
pf,PF
pf,PF
degree,C
kwh,Kwh
amps,A
pf,PF
pf,PF
amps,A
kwh,Kwh
pf,PF
degree,C
amps,A
nos,No
amps,A
amps,A
kwh,Kwh
amps,A
pf,PF
amps,A
amps,A
degree,C
pf,PF
amps,A
kwh,Kwh
pf,PF
kwh,Kwh
pf,PF
nos,No
pf,PF
kwh,Kwh
amps,A
amps,A
amps,A
pf,PF
kwh,Kwh
pf,PF
v,V
kwh,Kwh
amps,A
v,V
nos,No
v,V
v,V
v,V
nos,No
pf,PF
v,V
hz,Hz
kwh,Kwh
nos,No
degree,C
degree,C
pf,PF
kwh,Kwh
pf,PF
amps,A
pf,PF
v,V
degree,C
amps,A
pf,PF
v,V
kwh,Kwh
nos,No
amps,A
degree,C
kwh,Kwh
degree,C
kwh,Kwh
nos,No
pf,PF
degree,C
amps,A
v,V
v,V
kwh,Kwh
nos,No
degree,C
kwh,Kwh
amps,A
pf,PF
degree,C
amps,A
degree,C
v,V
v,V
amps,A
amps,A
v,V
pf,PF
kwh,Kwh
amps,A
degree,C
v,V
kwh,Kwh
amps,A
pf,PF
kwh,Kwh
degree,C
degree,C
amps,A
amps,A
nos,No
nos,No
pf,PF
pf,PF
kwh,Kwh
hz,Hz
kwh,Kwh
pf,PF
amps,A
degree,C
amps,A
pf,PF
degree,C
amps,A
amps,A
pf,PF
degree,C
degree,C
pf,PF
pf,PF
kwh,Kwh
amps,A
pf,PF
amps,A
kwh,Kwh
pf,PF
degree,C
kwh,Kwh
v,V
pf,PF
v,V
pf,PF
amps,A
degree,C
pf,PF
amps,A
kwh,Kwh
v,V
hz,Hz
amps,A
v,V
pf,PF
amps,A
pf,PF
pf,PF
nos,No
pf,PF
degree,C
amps,A
pf,PF
v,V
v,V
amps,A
kwh,Kwh
kwh,Kwh
v,V
kwh,Kwh
nos,No
hz,Hz
kwh,Kwh
kwh,Kwh
kwh,Kwh
kwh,Kwh
pf,PF
kwh,Kwh
amps,A
v,V
kwh,Kwh
amps,A
v,V
kwh,Kwh
kwh,Kwh
kwh,Kwh
degree,C
amps,A
degree,C
v,V
hz,Hz
pf,PF
pf,PF
amps,A
kwh,Kwh
pf,PF
amps,A
kwh,Kwh
kwh,Kwh
degree,C
volt,V
deg celcius,C
amps,A
volts,V
pf,PF
v,V
kwh,Kwh
pf,PF
amps,A
v,V
v,V
amps,A
amps,A
pf,PF
v,V
pf,PF
kwh,Kwh
nos,No
pf,PF
kwh,Kwh
amps,A
amps,A
kwh,Kwh
kwh,Kwh
kwh,Kwh
kwh,Kwh
amps,A
amps,A
v,V
pf,PF
v,V
amps,A
degree,C
hz,Hz
amps,A
nos,No
nos,No
kwh,Kwh
pf,PF
degree,C
amps,A
amps,A
amps,A
pf,PF
v,V
v,V
degree,C
amps,A
kwh,Kwh
amps,A
kwh,Kwh
pf,PF
v,V
kwh,Kwh
v,V
v,V
v,V
hz,Hz
amps,A
pf,PF
amps,A
pf,PF
pf,PF
v,V
degree,C
pf,PF
kwh,Kwh
v,V
hz,Hz
kwh,Kwh
degree,C
kwh,Kwh
amps,A
amps,A
kwh,Kwh
pf,PF
amps,A
kwh,Kwh
pf,PF
v,V
pf,PF
nos,No
pf,PF
pf,PF
kwh,Kwh
kwh,Kwh
amps,A
amps,A
v,V
amps,A
kwh,Kwh
hz,Hz
degree,C
pf,PF
amps,A
pf,PF
kwh,Kwh
amps,A
degree,C
pf,PF
kwh,Kwh
amps,A
kwh,Kwh
degree,C
degree,C
degree,C
v,V
nos,No
v,V
amps,A
amps,A
nos,No
amps,A
pf,PF
pf,PF
kwh,Kwh
pf,PF
kwh,Kwh
amps,A
kwh,Kwh
amps,A
degree,C
kwh,Kwh
v,V
kwh,Kwh
pf,PF
amps,A
v,V
kwh,Kwh
pf,PF
amps,A
pf,PF
kwh,Kwh
pf,PF
degree,C
degree,C
hz,Hz
kwh,Kwh
amps,A
pf,PF
pf,PF
v,V
nos,No
kwh,Kwh
amps,A
pf,PF
pf,PF
degree,C
degree,C
amps,A
nos,No
pf,PF
degree,C
nos,No
pf,PF
amps,A
hz,Hz
pf,PF
kwh,Kwh
degree,C
pf,PF
hz,Hz
v,V
v,V
kwh,Kwh
amps,A
amps,A
kwh,Kwh
amps,A
v,V
v,V
degree,C
kwh,Kwh
degree,C
amps,A
amps,A
amps,A
amps,A
v,V
kwh,Kwh
kwh,Kwh
amps,A
kwh,Kwh
kwh,Kwh
degree,C
pf,PF
pf,PF
amps,A
pf,PF
kwh,Kwh
pf,PF
amps,A
kwh,Kwh
pf,PF
degree,C
kwh,Kwh
kwh,Kwh
pf,PF
v,V
kwh,Kwh
kwh,Kwh
kwh,Kwh
amps,A
degree,C
amps,A
kwh,Kwh
v,V
pf,PF
pf,PF
pf,PF
pf,PF
kwh,Kwh
amps,A
degree,C
pf,PF
degree,C
amps,A
v,V
amps,A
kwh,Kwh
nos,No
degree,C
pf,PF
amps,A
amps,A
pf,PF
kwh,Kwh
v,V
hz,Hz
nos,No
degree,C
amps,A
pf,PF
kwh,Kwh
amps,A
pf,PF
v,V
degree,C
pf,PF
degree,C
degree,C
kwh,Kwh
kwh,Kwh
kwh,Kwh
amps,A
pf,PF
amps,A
v,V
pf,PF
amps,A
kwh,Kwh
kwh,Kwh
amps,A
pf,PF
pf,PF
amps,A
nos,No
amps,A
amps,A
amps,A
pf,PF
kwh,Kwh
v,V
kwh,Kwh
hz,Hz
degree,C
v,V
pf,PF
v,V
pf,PF
pf,PF
kwh,Kwh
pf,PF
degree,C
kwh,Kwh
pf,PF
v,V
pf,PF
amps,A
pf,PF
v,V
amps,A
kwh,Kwh
amps,A
pf,PF
hz,Hz
kwh,Kwh
v,V
kwh,Kwh
kwh,Kwh
amps,A
kwh,Kwh
pf,PF
nos,No
v,V
pf,PF
kwh,Kwh
amps,A
pf,PF
degree,C
v,V
degree,C
pf,PF
kwh,Kwh
v,V
degree,C
degree,C
nos,No
amps,A
kwh,Kwh
amps,A
amps,A
amps,A
kwh,Kwh
pf,PF
kwh,Kwh
kwh,Kwh
amps,A
pf,PF
degree,C
v,V
hz,Hz
nos,No
nos,No
degree,C
degree,C
amps,A
v,V
pf,PF
pf,PF
kwh,Kwh
v,V
kwh,Kwh
amps,A
v,V
kwh,Kwh
amps,A
degree,C
v,V
kwh,Kwh
pf,PF
kwh,Kwh
kwh,Kwh
amps,A
v,V
hz,Hz
amps,A
pf,PF
pf,PF
kwh,Kwh
hz,Hz
kwh,Kwh
pf,PF
amps,A
amps,A
pf,PF
v,V
kwh,Kwh
kwh,Kwh
v,V
kwh,Kwh
amps,A
pf,PF
kwh,Kwh
degree,C
v,V
amps,A
kwh,Kwh
kwh,Kwh
nos,No
nos,No
pf,PF
v,V
degree,C
amps,A
degree,C
amps,A
amps,A
pf,PF
pf,PF
kwh,Kwh
amps,A
degree,C
v,V
hz,Hz
deg celcius,C
v,V
nos,No
amps,A
volt,V
volts,V
amps,A
pf,PF
v,V
hz,Hz
degree,C
nos,No
nos,No
kwh,Kwh
amps,A
kwh,Kwh
amps,A
pf,PF
degree,C
amps,A
degree,C
pf,PF
v,V
kwh,Kwh
pf,PF
pf,PF
amps,A
pf,PF
kwh,Kwh
kwh,Kwh
nos,No
kwh,Kwh
kwh,Kwh
pf,PF
kwh,Kwh
nos,No
degree,C
kwh,Kwh
amps,A
pf,PF
degree,C
v,V
hz,Hz
degree,C
v,V
kwh,Kwh
v,V
hz,Hz
pf,PF
pf,PF
amps,A
kwh,Kwh
kwh,Kwh
pf,PF
pf,PF
kwh,Kwh
degree,C
kwh,Kwh
amps,A
pf,PF
degree,C
kwh,Kwh
kwh,Kwh
degree,C
kwh,Kwh
amps,A
nos,No
amps,A
pf,PF
nos,No
pf,PF
kwh,Kwh
amps,A
pf,PF
degree,C
kwh,Kwh
kwh,Kwh
kwh,Kwh
amps,A
pf,PF
degree,C
kwh,Kwh
kwh,Kwh
nos,No
degree,C
hz,Hz
kwh,Kwh
pf,PF
amps,A
pf,PF
kwh,Kwh
amps,A
degree,C
amps,A
v,V
pf,PF
hz,Hz
kwh,Kwh
pf,PF
kwh,Kwh
v,V
pf,PF
nos,No
nos,No
amps,A
v,V
v,V
v,V
pf,PF
v,V
degree,C
amps,A
pf,PF
degree,C
kwh,Kwh
degree,C
kwh,Kwh
kwh,Kwh
kwh,Kwh
amps,A
kwh,Kwh
amps,A
degree,C
amps,A
kwh,Kwh
amps,A
pf,PF
amps,A
pf,PF
kwh,Kwh
hz,Hz
pf,PF
kwh,Kwh
v,V
amps,A
pf,PF
pf,PF
pf,PF
nos,No
degree,C
pf,PF
v,V
kwh,Kwh
amps,A
kwh,Kwh
amps,A
pf,PF
degree,C
kwh,Kwh
kwh,Kwh
amps,A
pf,PF
amps,A
v,V
kwh,Kwh
v,V
hz,Hz
pf,PF
degree,C
nos,No
kwh,Kwh
v,V
hz,Hz
degree,C
v,V
hz,Hz
kwh,Kwh
kwh,Kwh
kwh,Kwh
amps,A
kwh,Kwh
nos,No
v,V
hz,Hz
kwh,Kwh
degree,C
amps,A
v,V
kwh,Kwh
pf,PF
v,V
kwh,Kwh
amps,A
pf,PF
degree,C
pf,PF
amps,A
kwh,Kwh
amps,A
kwh,Kwh
pf,PF
degree,C
nos,No
pf,PF
kwh,Kwh
v,V
pf,PF
kwh,Kwh
amps,A
kwh,Kwh
pf,PF
pf,PF
degree,C
kwh,Kwh
pf,PF
degree,C
pf,PF
amps,A
degree,C
kwh,Kwh
amps,A
amps,A
degree,C
pf,PF
amps,A
kwh,Kwh
nos,No
amps,A
amps,A
pf,PF
kwh,Kwh
nos,No
amps,A
v,V
kwh,Kwh
kwh,Kwh
pf,PF
pf,PF
amps,A
kwh,Kwh
v,V
pf,PF
kwh,Kwh
pf,PF
v,V
v,V
nos,No
degree,C
hz,Hz
amps,A
pf,PF
amps,A
v,V
degree,C
v,V
kwh,Kwh
amps,A
kwh,Kwh
amps,A
pf,PF
pf,PF
kwh,Kwh
kwh,Kwh
degree,C
kwh,Kwh
degree,C
kwh,Kwh
kwh,Kwh
nos,No
amps,A
pf,PF
v,V
pf,PF
kwh,Kwh
degree,C
v,V
kwh,Kwh
kwh,Kwh
kwh,Kwh
amps,A
kwh,Kwh
pf,PF
pf,PF
degree,C
pf,PF
hz,Hz
kwh,Kwh
v,V
amps,A
amps,A
kwh,Kwh
kwh,Kwh
amps,A
amps,A
pf,PF
amps,A
amps,A
pf,PF
nos,No
kwh,Kwh
kwh,Kwh
amps,A
v,V
degree,C
pf,PF
amps,A
pf,PF
amps,A
v,V
hz,Hz
degree,C
nos,No
nos,No
v,V
amps,A
amps,A
v,V
amps,A
pf,PF
v,V
v,V
amps,A
amps,A
kwh,Kwh
kwh,Kwh
v,V
kwh,Kwh
kwh,Kwh
kwh,Kwh
pf,PF
pf,PF
v,V
degree,C
amps,A
pf,PF
v,V
hz,Hz
degree,C
kwh,Kwh
amps,A
nos,No
degree,C
kwh,Kwh
kwh,Kwh
pf,PF
v,V
kwh,Kwh
pf,PF
nos,No
degree,C
amps,A
nos,No
degree,C
kwh,Kwh
kwh,Kwh
kwh,Kwh
degree,C
amps,A
pf,PF
v,V
kwh,Kwh
pf,PF
kwh,Kwh
amps,A
pf,PF
degree,C
kwh,Kwh
pf,PF
nos,No
kwh,Kwh
amps,A
pf,PF
kwh,Kwh
amps,A
kwh,Kwh
pf,PF
nos,No
amps,A
degree,C
kwh,Kwh
pf,PF
kwh,Kwh
kwh,Kwh
v,V
kwh,Kwh
amps,A
pf,PF
amps,A
degree,C
pf,PF
nos,No
pf,PF
amps,A
pf,PF
kwh,Kwh
kwh,Kwh
pf,PF
hz,Hz
amps,A
amps,A
kwh,Kwh
pf,PF
amps,A
amps,A
v,V
v,V
nos,No
kwh,Kwh
nos,No
degree,C
amps,A
degree,C
amps,A
pf,PF
pf,PF
v,V
degree,C
pf,PF
amps,A
nos,No
amps,A
kwh,Kwh
amps,A
v,V
degree,C
kwh,Kwh
v,V
nos,No
kwh,Kwh
kwh,Kwh
kwh,Kwh
kwh,Kwh
kwh,Kwh
pf,PF
pf,PF
pf,PF
kwh,Kwh
kwh,Kwh
pf,PF
pf,PF
v,V
pf,PF
kwh,Kwh
degree,C
kwh,Kwh
kwh,Kwh
pf,PF
kwh,Kwh
degree,C
pf,PF
kwh,Kwh
degree,C
degree,C
degree,C
v,V
hz,Hz
pf,PF
kwh,Kwh
amps,A
amps,A
v,V
amps,A
pf,PF
pf,PF
nos,No
v,V
volts,V
hz,Hz
degree,C
amps,A
v,V
amps,A
amps,A
nos,No
deg celcius,C
volt,V
pf,PF
amps,A
v,V
nos,No
pf,PF
kwh,Kwh
degree,C
pf,PF
v,V
nos,No
degree,C
degree,C
amps,A
v,V
amps,A
pf,PF
kwh,Kwh
amps,A
pf,PF
v,V
v,V
kwh,Kwh
kwh,Kwh
amps,A
kwh,Kwh
amps,A
pf,PF
v,V
nos,No
pf,PF
degree,C
amps,A
v,V
nos,No
kwh,Kwh
pf,PF
amps,A
amps,A
pf,PF
degree,C
degree,C
pf,PF
amps,A
kwh,Kwh
pf,PF
amps,A
hz,Hz
nos,No
pf,PF
v,V
pf,PF
v,V
kwh,Kwh
amps,A
kwh,Kwh
pf,PF
kwh,Kwh
v,V
amps,A
pf,PF
pf,PF
kwh,Kwh
v,V
degree,C
hz,Hz
v,V
kwh,Kwh
amps,A
pf,PF
pf,PF
kwh,Kwh
degree,C
amps,A
amps,A
degree,C
pf,PF
hz,Hz
nos,No
degree,C
amps,A
kwh,Kwh
degree,C
amps,A
pf,PF
hz,Hz
hz,Hz
degree,C
amps,A
v,V
pf,PF
nos,No
v,V
amps,A
pf,PF
degree,C
kwh,Kwh
v,V
amps,A
amps,A
pf,PF
kwh,Kwh
v,V
amps,A
kwh,Kwh
pf,PF
degree,C
kwh,Kwh
amps,A
pf,PF
degree,C
degree,C
nos,No
amps,A
kwh,Kwh
v,V
degree,C
amps,A
pf,PF
pf,PF
kwh,Kwh
kwh,Kwh
amps,A
amps,A
amps,A
degree,C
degree,C
kwh,Kwh
v,V
kwh,Kwh
v,V
pf,PF
kwh,Kwh
amps,A
kwh,Kwh
pf,PF
pf,PF
v,V
nos,No
pf,PF
degree,C
pf,PF
amps,A
kwh,Kwh
pf,PF
kwh,Kwh
pf,PF
nos,No
pf,PF
amps,A
degree,C
amps,A
kwh,Kwh
hz,Hz
v,V
amps,A
degree,C
kwh,Kwh
nos,No
pf,PF
v,V
kwh,Kwh
amps,A
degree,C
nos,No
amps,A
v,V
pf,PF
pf,PF
pf,PF
v,V
amps,A
kwh,Kwh
kwh,Kwh
degree,C
kwh,Kwh
amps,A
amps,A
degree,C
degree,C
kwh,Kwh
pf,PF
v,V
nos,No
v,V
amps,A
amps,A
pf,PF
hz,Hz
amps,A
nos,No
pf,PF
kwh,Kwh
amps,A
pf,PF
v,V
pf,PF
pf,PF
pf,PF
kwh,Kwh
pf,PF
amps,A
v,V
hz,Hz
amps,A
degree,C
amps,A
v,V
pf,PF
v,V
degree,C
pf,PF
kwh,Kwh
kwh,Kwh
amps,A
kwh,Kwh
amps,A
pf,PF
degree,C
pf,PF
nos,No
kwh,Kwh
kwh,Kwh
degree,C
nos,No
pf,PF
kwh,Kwh
nos,No
hz,Hz
kwh,Kwh
amps,A
kwh,Kwh
v,V
kwh,Kwh
kwh,Kwh
amps,A
amps,A
v,V
kwh,Kwh
amps,A
amps,A
amps,A
v,V
kwh,Kwh
kwh,Kwh
kwh,Kwh
degree,C
kwh,Kwh
volts,V
v,V
amps,A
amps,A
hz,Hz
pf,PF
deg celcius,C
v,V
nos,No
degree,C
volt,V
amps,A
kwh,Kwh
pf,PF
amps,A
amps,A
pf,PF
kwh,Kwh
pf,PF
amps,A
amps,A
pf,PF
hz,Hz
amps,A
v,V
amps,A
kwh,Kwh
amps,A
nos,No
kwh,Kwh
pf,PF
amps,A
kwh,Kwh
pf,PF
degree,C
amps,A
amps,A
degree,C
kwh,Kwh
pf,PF
pf,PF
pf,PF
pf,PF
pf,PF
degree,C
v,V
hz,Hz
degree,C
pf,PF
kwh,Kwh
degree,C
pf,PF
pf,PF
pf,PF
kwh,Kwh
pf,PF
v,V
degree,C
pf,PF
kwh,Kwh
kwh,Kwh
amps,A
amps,A
amps,A
kwh,Kwh
kwh,Kwh
v,V
hz,Hz
amps,A
pf,PF
nos,No
pf,PF
v,V
pf,PF
degree,C
amps,A
degree,C
hz,Hz
nos,No
pf,PF
kwh,Kwh
pf,PF
pf,PF
pf,PF
kwh,Kwh
kwh,Kwh
degree,C
amps,A
pf,PF
degree,C
amps,A
kwh,Kwh
degree,C
v,V
hz,Hz
pf,PF
amps,A
pf,PF
kwh,Kwh
degree,C
degree,C
degree,C
kwh,Kwh
amps,A
pf,PF
pf,PF
kwh,Kwh
degree,C
amps,A
degree,C
nos,No
pf,PF
nos,No
kwh,Kwh
kwh,Kwh
amps,A
degree,C
amps,A
nos,No
kwh,Kwh
hz,Hz
amps,A
degree,C
v,V
kwh,Kwh
nos,No
amps,A
pf,PF
degree,C
pf,PF
degree,C
pf,PF
v,V
kwh,Kwh
kwh,Kwh
pf,PF
kwh,Kwh
degree,C
amps,A
degree,C
v,V
pf,PF
degree,C
amps,A
v,V
pf,PF
amps,A
kwh,Kwh
amps,A
pf,PF
v,V
amps,A
v,V
hz,Hz
nos,No
v,V
amps,A
amps,A
v,V
kwh,Kwh
v,V
nos,No
kwh,Kwh
amps,A
amps,A
degree,C
amps,A
v,V
kwh,Kwh
kwh,Kwh
nos,No
v,V
degree,C
pf,PF
v,V
amps,A
amps,A
kwh,Kwh
amps,A
nos,No
degree,C
kwh,Kwh
pf,PF
nos,No
pf,PF
hz,Hz
amps,A
kwh,Kwh
pf,PF
amps,A
v,V
pf,PF
pf,PF
kwh,Kwh
v,V
nos,No
pf,PF
v,V
degree,C
degree,C
amps,A
kwh,Kwh
hz,Hz
amps,A
kwh,Kwh
amps,A
v,V
degree,C
degree,C
kwh,Kwh
degree,C
amps,A
nos,No
degree,C
pf,PF
kwh,Kwh
pf,PF
pf,PF
v,V
kwh,Kwh
kwh,Kwh
kwh,Kwh
amps,A
nos,No
nos,No
amps,A
pf,PF
degree,C
degree,C
v,V
kwh,Kwh
kwh,Kwh
kwh,Kwh
kwh,Kwh
amps,A
pf,PF
amps,A
nos,No
pf,PF
degree,C
pf,PF
amps,A
degree,C
amps,A
v,V
amps,A
pf,PF
v,V
kwh,Kwh
pf,PF
v,V
pf,PF
amps,A
amps,A
degree,C
amps,A
kwh,Kwh
pf,PF
amps,A
kwh,Kwh
amps,A
kwh,Kwh
pf,PF
degree,C
kwh,Kwh
amps,A
pf,PF
v,V
v,V
v,V
kwh,Kwh
amps,A
kwh,Kwh
degree,C
amps,A
pf,PF
v,V
amps,A
pf,PF
kwh,Kwh
kwh,Kwh
kwh,Kwh
amps,A
nos,No
pf,PF
v,V
nos,No
pf,PF
v,V
amps,A
pf,PF
degree,C
volt,V
pf,PF
pf,PF
kwh,Kwh
pf,PF
amps,A
degree,C
v,V
v,V
amps,A
degree,C
amps,A
pf,PF
volts,V
pf,PF
amps,A
pf,PF
amps,A
deg celcius,C
nos,No
amps,A
amps,A
pf,PF
hz,Hz
amps,A
degree,C
amps,A
degree,C
pf,PF
degree,C
v,V
kwh,Kwh
kwh,Kwh
kwh,Kwh
pf,PF
amps,A
amps,A
kwh,Kwh
pf,PF
degree,C
pf,PF
kwh,Kwh
degree,C
amps,A
degree,C
kwh,Kwh
pf,PF
kwh,Kwh
hz,Hz
kwh,Kwh
v,V
hz,Hz
pf,PF
amps,A
pf,PF
v,V
degree,C
degree,C
amps,A
kwh,Kwh
amps,A
amps,A
degree,C
degree,C
pf,PF
pf,PF
amps,A
kwh,Kwh
amps,A
amps,A
v,V
kwh,Kwh
kwh,Kwh
kwh,Kwh
amps,A
degree,C
v,V
hz,Hz
degree,C
amps,A
kwh,Kwh
degree,C
kwh,Kwh
amps,A
amps,A
amps,A
pf,PF
kwh,Kwh
pf,PF
amps,A
kwh,Kwh
kwh,Kwh
nos,No
kwh,Kwh
degree,C
amps,A
nos,No
deg celcius,C
pf,PF
kwh,Kwh
v,V
pf,PF
kwh,Kwh
kwh,Kwh
amps,A
v,V
v,V
kwh,Kwh
v,V
v,V
amps,A
v,V
kwh,Kwh
amps,A
pf,PF
pf,PF
kwh,Kwh
amps,A
pf,PF
v,V
pf,PF
amps,A
nos,No
amps,A
pf,PF
degree,C
degree,C
pf,PF
amps,A
v,V
hz,Hz
kwh,Kwh
kwh,Kwh
kwh,Kwh
amps,A
volt,V
amps,A
hz,Hz
degree,C
amps,A
volts,V
hz,Hz
nos,No
pf,PF
kwh,Kwh
kwh,Kwh
kwh,Kwh
pf,PF
amps,A
v,V
degree,C
v,V
hz,Hz
degree,C
amps,A
amps,A
kwh,Kwh
nos,No
kwh,Kwh
kwh,Kwh
degree,C
degree,C
amps,A
degree,C
kwh,Kwh
v,V
amps,A
hz,Hz
v,V
v,V
kwh,Kwh
kwh,Kwh
amps,A
degree,C
degree,C
v,V
hz,Hz
nos,No
kwh,Kwh
amps,A
nos,No
v,V
pf,PF
nos,No
v,V
degree,C
degree,C
pf,PF
amps,A
amps,A
v,V
pf,PF
kwh,Kwh
amps,A
kwh,Kwh
amps,A
nos,No
amps,A
kwh,Kwh
amps,A
degree,C
pf,PF
amps,A
pf,PF
pf,PF
v,V
kwh,Kwh
amps,A
kwh,Kwh
pf,PF
hz,Hz
pf,PF
pf,PF
pf,PF
pf,PF
hz,Hz
kwh,Kwh
amps,A
amps,A
v,V
v,V
hz,Hz
pf,PF
v,V
kwh,Kwh
kwh,Kwh
kwh,Kwh
kwh,Kwh
pf,PF
v,V
degree,C
kwh,Kwh
nos,No
amps,A
kwh,Kwh
amps,A
pf,PF
nos,No
degree,C
amps,A
pf,PF
amps,A
degree,C
amps,A
amps,A
kwh,Kwh
degree,C
v,V
kwh,Kwh
kwh,Kwh
v,V
kwh,Kwh
degree,C
v,V
amps,A
deg celcius,C
volt,V
amps,A
v,V
amps,A
hz,Hz
pf,PF
nos,No
volts,V
v,V
pf,PF
kwh,Kwh
kwh,Kwh
kwh,Kwh
nos,No
amps,A
amps,A
hz,Hz
deg celcius,C
volt,V
v,V
amps,A
pf,PF
degree,C
nos,No
pf,PF
volts,V
v,V
amps,A
v,V
hz,Hz
volt,V
volts,V
v,V
v,V
amps,A
amps,A
amps,A
hz,Hz
degree,C
deg celcius,C
nos,No
amps,A
kwh,Kwh
amps,A
kwh,Kwh
amps,A
v,V
v,V
v,V
pf,PF
nos,No
pf,PF
degree,C
degree,C
kwh,Kwh
hz,Hz
kwh,Kwh
amps,A
degree,C
amps,A
pf,PF
kwh,Kwh
amps,A
kwh,Kwh
degree,C
pf,PF
amps,A
amps,A
pf,PF
v,V
hz,Hz
nos,No
degree,C
nos,No
pf,PF
amps,A
kwh,Kwh
amps,A
v,V
degree,C
pf,PF
amps,A
pf,PF
degree,C
v,V
hz,Hz
kwh,Kwh
kwh,Kwh
pf,PF
kwh,Kwh
amps,A
amps,A
pf,PF
amps,A
v,V
kwh,Kwh
v,V
hz,Hz
pf,PF
v,V
kwh,Kwh
nos,No
degree,C
degree,C
pf,PF
kwh,Kwh
degree,C
degree,C
kwh,Kwh
amps,A
degree,C
pf,PF
degree,C
pf,PF
v,V
kwh,Kwh
nos,No
nos,No
volt,V
hz,Hz
amps,A
v,V
pf,PF
volts,V
v,V
amps,A
amps,A
degree,C
deg celcius,C
nos,No
pf,PF
v,V
deg celcius,C
v,V
degree,C
amps,A
amps,A
volt,V
volts,V
amps,A
hz,Hz
nos,No
v,V
hz,Hz
pf,PF
volt,V
volts,V
v,V
amps,A
amps,A
amps,A
degree,C
deg celcius,C
nos,No
kwh,Kwh
degree,C
amps,A
kwh,Kwh
degree,C
kwh,Kwh
hz,Hz
degree,C
kwh,Kwh
kwh,Kwh
kwh,Kwh
pf,PF
v,V
hz,Hz
pf,PF
pf,PF
amps,A
kwh,Kwh
nos,No
v,V
amps,A
v,V
nos,No
pf,PF
degree,C
kwh,Kwh
kwh,Kwh
kwh,Kwh
amps,A
pf,PF
v,V
amps,A
pf,PF
v,V
hz,Hz
kwh,Kwh
kwh,Kwh
amps,A
pf,PF
kwh,Kwh
kwh,Kwh
amps,A
amps,A
pf,PF
degree,C
v,V
hz,Hz
nos,No
pf,PF
pf,PF
amps,A
degree,C
nos,No
pf,PF
degree,C
pf,PF
v,V
nos,No
degree,C
pf,PF
amps,A
amps,A
v,V
degree,C
pf,PF
nos,No
degree,C
pf,PF
kwh,Kwh
amps,A
kwh,Kwh
pf,PF
pf,PF
v,V
amps,A
degree,C
amps,A
pf,PF
kwh,Kwh
amps,A
pf,PF
pf,PF
pf,PF
v,V
nos,No
kwh,Kwh
amps,A
pf,PF
pf,PF
pf,PF
v,V
amps,A
kwh,Kwh
amps,A
pf,PF
nos,No
pf,PF
v,V
kwh,Kwh
kwh,Kwh
kwh,Kwh
kwh,Kwh
v,V
hz,Hz
pf,PF
amps,A
degree,C
degree,C
kwh,Kwh
kwh,Kwh
amps,A
nos,No
pf,PF
pf,PF
v,V
pf,PF
amps,A
kwh,Kwh
degree,C
kwh,Kwh
kwh,Kwh
amps,A
kwh,Kwh
v,V
pf,PF
nos,No
kwh,Kwh
amps,A
amps,A
pf,PF
kwh,Kwh
KWh,Kwh
Amps,A
KWH,Kwh
v,V
pf,PF
Amps,A
Amps,A
Degree,C
KWH,Kwh
V,V
PF,PF
KWH,Kwh
degree,C
Amps,A
pf,PF
V,V
NOs,No
amps,A
pf,PF
PF,PF
pf,PF
Amps,A
kwh,Kwh
KWH,Kwh
KWh,Kwh
Amps,A
KWH,Kwh
V,V
Hz,Hz
v,V
KWH,Kwh
degree,C
PF,PF
pf,PF
Amps,A
V,V
Degree,C
NOs,No
amps,A
KWH,Kwh
pf,PF
Nos,No
Amps,A
V,V
kwh,Kwh
Amps,A
PF,PF
kwh,Kwh
Amps,A
Amps,A
V,V
kwh,Kwh
pf,PF
Amps,A
pf,PF
V,V
Pf,PF
Amps,A
PF,PF
v,V
KWH,Kwh
degree,C
degree,C
PF,PF
Amps,A
V,V
KWH,Kwh
KWh,Kwh
KWH,Kwh
amps,A
V,V
Hz,Hz
Degree,C
NOs,No
pf,PF
Amps,A
degree,C
Amps,A
deg celcius,C
PF,PF
V,V
Volts,V
Amps,A
Nos,No
Amps,A
V,V
Hz,Hz
Volt,V
Volts,V
V,V
V,V
Nos,No
Amps,A
Volt,V
deg celcius,C
Amps,A
Amps,A
Hz,Hz
PF,PF
degree,C
Amps,A
V,V
Amps,A
Volt,V
Hz,Hz
PF,PF
Amps,A
Nos,No
degree,C
V,V
deg celcius,C
Volts,V
Volts,V
V,V
Amps,A
Amps,A
Amps,A
Hz,Hz
degree,C
deg celcius,C
Nos,No
PF,PF
Volt,V
V,V
V,V
A,A
A,A
A,A
A,A
Volts,V
V,V
Amps,A
Amps,A
Amps,A
Hz,Hz
PF,PF
deg celcius,C
Volt,V
V,V
degree,C
Nos,No
V,V
V,V
V,V
Nos,No
Amps,A
Amps,A
Amps,A
Volts,V
V,V
deg celcius,C
V,V
PF,PF
Hz,Hz
Volt,V
degree,C
Volt,V
Volts,V
V,V
V,V
Amps,A
Amps,A
Amps,A
Hz,Hz
PF,PF
degree,C
deg celcius,C
Nos,No
V,V
V,V
Amps,A
Amps,A
Hz,Hz
PF,PF
degree,C
Nos,No
deg celcius,C
Volt,V
Volts,V
Amps,A
Hrs,Hr
Hrs,Hr
V,V
V,V
C,C
A,A
C,C
